persona_id,name,plan,age,lang,profile,xp,flight_level,momentum_score,momentum_league,active_weeks,weekly_scores,maturity_index,maturity_rank,cmi,rmi,route_proven,route_proven_count,breadth_index,breadth_descriptor,trust_state,title_eligibility,prestige_pei,prestige_nomination,achievements,achievement_ids,cxw,sex,team_contrib,practical,capstone,missions,integrity_hold,clusters,horizons,ldb_mastery_eligible,ldb_momentum_eligible,expected,issues,result
SYN-0000,Synthetic 0,MeritRoute,adult,ar,new,90,1,8.33,Iron,2,40.0|10.0|0.0|0.0|0.0|0.0|0.0|0.0,10.0,Hatchling,0.0,0.0,0,0,5.0,Focused,NORMAL,NOT_ELIGIBLE,9.5,NOT_ELIGIBLE,2,ACH-ACT-001|ACH-TEAM-001,0,0,1,0,0,1,0,1,LED,0,0,{'baseline': 'ok'},,PASS
SYN-0001,Synthetic 1,Expedition,adult,en,steady,1125,5,70.0,Gold,7,50.0|50.0|75.0|85.0|0.0|75.0|50.0|85.0,63.75,Pathfinder,81.67,81.67,1,1,45.75,Expanding,POSITIVE_STANDING,STANDARD_TEMPLATE_ELIGIBLE_FOR_REVIEW,71.4,NOT_ELIGIBLE,6,ACH-ACT-001|ACH-CAP-001|ACH-EVD-001|ACH-LRN-001|ACH-MST-001|ACH-TEAM-001,0,0,1,4,1,6,0,5,BLD|LED|OPR,1,1,{'baseline': 'ok'},,PASS
SYN-0002,Synthetic 2,Expedition,adult,en,high_act_low_ev,590,3,56.67,Silver,7,40.0|60.0|60.0|60.0|60.0|50.0|0.0|50.0,12.5,Hatchling,0.0,0.0,0,0,65.0,Multi-Horizon,NORMAL,NOT_ELIGIBLE,21.5,NOT_ELIGIBLE,3,ACH-ACT-001|ACH-LRN-001|ACH-TEAM-001,0,0,1,0,0,16,0,8,BLD|LED|OPR|PRT,0,1,"{'high_xp': 'yes', 'route_proven': 'no', 'title': 'no', 'prestige': 'no', 'mastery_strong': 'no'}",,PASS
SYN-0003,Synthetic 3,Expedition,adult,ar,low_act_high_ev,955,4,59.17,Silver,8,40.0|50.0|60.0|50.0|50.0|70.0|75.0|50.0,63.75,Pathfinder,100.0,100.0,1,1,29.5,Expanding,POSITIVE_STANDING,PROGRESS_VISIBLE,73.65,NOT_ELIGIBLE,5,ACH-ACT-001|ACH-CAP-001|ACH-EVD-001|ACH-MST-001|ACH-TEAM-001,0,0,1,8,1,1,0,3,BLD|OPR,1,1,"{'route_proven': 'possible', 'mastery_strong': 'possible', 'not_punished_for_efficiency': 'yes'}",,PASS
SYN-0004,Synthetic 4,Expedition,adult,en,experienced,1195,5,81.67,Platinum,8,65.0|85.0|85.0|60.0|75.0|85.0|85.0|75.0,86.25,Specialist,100.0,100.0,1,2,73.0,Integrated,NORMAL,STANDARD_TEMPLATE_ELIGIBLE_FOR_REVIEW,75.6,NOT_ELIGIBLE,7,ACH-ACT-001|ACH-BRD-001|ACH-CAP-001|ACH-EVD-001|ACH-LRN-001|ACH-MST-001|ACH-SEX-001,0,1,0,7,1,8,0,9,BLD|LED|OPR|PRT,1,1,{'baseline': 'ok'},,PASS
SYN-0005,Synthetic 5,FlightPass,adult,en,paid_idle,0,1,0.0,Iron,0,0.0|0.0|0.0|0.0|0.0|0.0|0.0|0.0,0.0,Hatchling,0.0,0.0,0,0,0.0,Focused,UNESTABLISHED,NOT_ELIGIBLE,1.5,NOT_ELIGIBLE,0,,0,0,0,0,0,0,0,0,,0,0,"{'xp': '0_or_near', 'momentum': 'Iron', 'mastery': 'none', 'route_proven': 'no'}",,PASS
SYN-0006,Synthetic 6,Expedition,adult,en,merit,770,4,60.0,Gold,6,40.0|75.0|0.0|40.0|50.0|70.0|85.0|0.0,58.75,Pathfinder,83.33,83.33,1,1,38.75,Expanding,NORMAL,PROGRESS_VISIBLE,63.5,NOT_ELIGIBLE,5,ACH-ACT-001|ACH-CAP-001|ACH-EVD-001|ACH-LRN-001|ACH-MST-001,0,0,0,4,1,2,0,4,BLD|LED|OPR,1,1,{'baseline': 'ok'},,PASS
SYN-0007,Synthetic 7,MeritRoute,adult,en,returning,380,3,43.33,Bronze,5,10.0|0.0|0.0|75.0|50.0|0.0|75.0|50.0,45.0,Scout,86.67,49.0,0,0,27.5,Expanding,POSITIVE_STANDING,NOT_ELIGIBLE,47.45,NOT_ELIGIBLE,5,ACH-ACT-001|ACH-EVD-001|ACH-LRN-001|ACH-RET-001|ACH-TEAM-001,0,0,1,3,0,6,0,3,BLD|OPR,0,1,{'baseline': 'ok'},,PASS
SYN-0008,Synthetic 8,WingPass,minor,ar,minor_ar,225,2,30.0,Bronze,4,40.0|0.0|50.0|50.0|0.0|0.0|40.0|0.0,42.5,Scout,76.67,49.0,0,0,5.0,Focused,POSITIVE_STANDING,NOT_ELIGIBLE,38.2,NOT_ELIGIBLE,3,ACH-ACT-001|ACH-EVD-001|ACH-TEAM-001,0,0,1,2,0,1,0,1,OPR,0,1,{'baseline': 'ok'},,PASS
SYN-0009,Synthetic 9,Expedition,adult,ar,a11y_compressed,310,3,33.33,Bronze,4,0.0|40.0|0.0|75.0|10.0|0.0|0.0|75.0,42.5,Scout,76.67,49.0,0,0,5.0,Focused,POSITIVE_STANDING,NOT_ELIGIBLE,38.2,NOT_ELIGIBLE,4,ACH-ACT-001|ACH-EVD-001|ACH-LRN-001|ACH-TEAM-001,0,0,1,2,0,2,0,1,LED,0,1,{'baseline': 'ok'},,PASS
SYN-0010,Synthetic 10,FlightPass,adult,en,team_passenger,265,2,30.0,Iron,3,0.0|0.0|65.0|0.0|40.0|75.0|0.0|0.0,37.5,Scout,95.0,49.0,0,0,22.5,Focused,NORMAL,NOT_ELIGIBLE,39.45,NOT_ELIGIBLE,2,ACH-ACT-001|ACH-EVD-001,0,0,0,3,0,2,0,2,LED|OPR,0,0,{'full_mastery_from_team': 'no'},,PASS
SYN-0011,Synthetic 11,WingPass,adult,ar,team_strong,1230,5,70.0,Gold,8,50.0|85.0|60.0|60.0|50.0|80.0|85.0|20.0,66.25,Specialist,83.33,83.33,1,1,29.5,Expanding,POSITIVE_STANDING,PROGRESS_VISIBLE,76.15,NOT_ELIGIBLE,7,ACH-ACT-001|ACH-CAP-001|ACH-EVD-001|ACH-LIVE-001|ACH-LRN-001|ACH-MST-001|ACH-TEAM-001,0,0,5,4,1,3,0,3,OPR|PRT,1,1,{'baseline': 'ok'},,PASS
SYN-0012,Synthetic 12,FlightPass,adult,en,integrity,475,3,60.0,Gold,8,40.0|50.0|50.0|75.0|60.0|75.0|50.0|10.0,45.0,Scout,86.67,49.0,0,0,27.5,Expanding,POSITIVE_STANDING,NOT_ELIGIBLE,49.95,NOT_ELIGIBLE,3,ACH-ACT-001|ACH-EVD-001|ACH-TEAM-001,0,0,2,3,0,4,0,3,BLD|OPR,0,1,{'baseline': 'ok'},,PASS
SYN-0013,Synthetic 13,OpenFlight,adult,en,popular_weak,425,3,57.5,Silver,6,0.0|0.0|40.0|60.0|85.0|50.0|50.0|60.0,37.5,Scout,76.67,49.0,0,0,45.0,Expanding,NORMAL,NOT_ELIGIBLE,39.2,NOT_ELIGIBLE,3,ACH-ACT-001|ACH-EVD-001|ACH-LRN-001,0,0,0,2,0,4,0,4,BLD|LED|OPR|PRT,0,1,"{'mastery_from_popularity': 'no', 'prestige_from_popularity': 'no'}",,PASS
SYN-0014,Synthetic 14,WingPass,adult,en,steady,980,4,65.83,Gold,6,75.0|50.0|0.0|70.0|0.0|75.0|50.0|75.0,63.75,Pathfinder,86.0,86.0,1,1,45.75,Expanding,POSITIVE_STANDING,STANDARD_TEMPLATE_ELIGIBLE_FOR_REVIEW,72.7,NOT_ELIGIBLE,7,ACH-ACT-001|ACH-CAP-001|ACH-EVD-001|ACH-EVD-002|ACH-LRN-001|ACH-MST-001|ACH-TEAM-001,0,0,1,6,1,4,0,5,BLD|LED|OPR,1,1,{'baseline': 'ok'},,PASS
SYN-0015,Synthetic 15,WingPass,adult,en,new,430,3,65.83,Gold,7,40.0|0.0|65.0|60.0|75.0|75.0|60.0|60.0,40.0,Scout,80.0,49.0,0,0,48.75,Expanding,NORMAL,NOT_ELIGIBLE,39.95,NOT_ELIGIBLE,3,ACH-ACT-001|ACH-EVD-001|ACH-LRN-001,0,0,0,2,0,6,0,6,BLD|LED|OPR,0,1,{'baseline': 'ok'},,PASS
SYN-0016,Synthetic 16,MeritRoute,adult,ar,steady,445,3,43.33,Bronze,5,65.0|0.0|0.0|60.0|0.0|10.0|65.0|60.0,17.5,Hatchling,15.0,15.0,0,0,38.75,Expanding,POSITIVE_STANDING,NOT_ELIGIBLE,30.25,NOT_ELIGIBLE,4,ACH-ACT-001|ACH-EVD-001|ACH-LRN-001|ACH-TEAM-001,0,0,3,0,0,4,0,4,BLD|OPR|PRT,0,1,{'baseline': 'ok'},,PASS
SYN-0017,Synthetic 17,WingPass,adult,en,high_act_low_ev,530,3,43.33,Bronze,5,40.0|0.0|0.0|0.0|50.0|60.0|50.0|60.0,12.5,Hatchling,0.0,0.0,0,0,65.0,Multi-Horizon,NORMAL,NOT_ELIGIBLE,21.5,NOT_ELIGIBLE,3,ACH-ACT-001|ACH-LRN-001|ACH-TEAM-001,0,0,1,0,0,12,0,8,BLD|LED|OPR|PRT,0,1,"{'high_xp': 'yes', 'route_proven': 'no', 'title': 'no', 'prestige': 'no', 'mastery_strong': 'no'}",,PASS
SYN-0018,Synthetic 18,MeritRoute,adult,en,low_act_high_ev,920,4,55.0,Silver,8,40.0|50.0|60.0|50.0|50.0|70.0|50.0|50.0,61.25,Pathfinder,100.0,100.0,1,1,18.25,Focused,POSITIVE_STANDING,PROGRESS_VISIBLE,71.4,NOT_ELIGIBLE,4,ACH-CAP-001|ACH-EVD-001|ACH-MST-001|ACH-TEAM-001,0,0,1,8,1,0,0,2,OPR,1,1,"{'route_proven': 'possible', 'mastery_strong': 'possible', 'not_punished_for_efficiency': 'yes'}",,PASS
SYN-0019,Synthetic 19,FlightPass,adult,en,experienced,980,4,66.67,Gold,8,75.0|50.0|10.0|40.0|75.0|75.0|50.0|75.0,86.25,Vanguard,100.0,100.0,1,2,48.75,Expanding,POSITIVE_STANDING,STANDARD_TEMPLATE_ELIGIBLE_FOR_REVIEW,77.75,ELIGIBLE_ASCENDANT_NOMINATION,8,ACH-ACT-001|ACH-BRD-001|ACH-CAP-001|ACH-EVD-001|ACH-LRN-001|ACH-MST-001|ACH-SEX-001|ACH-TEAM-001,0,1,1,6,1,4,0,5,BLD|LED|OPR,1,1,{'baseline': 'ok'},,PASS
SYN-0020,Synthetic 20,MeritRoute,adult,en,new,365,3,40.83,Bronze,6,0.0|0.0|60.0|50.0|10.0|65.0|10.0|50.0,30.0,Hatchling,66.67,49.0,0,0,22.5,Focused,POSITIVE_STANDING,NOT_ELIGIBLE,41.95,NOT_ELIGIBLE,4,ACH-ACT-001|ACH-EVD-001|ACH-LRN-001|ACH-TEAM-001,0,0,3,1,0,3,0,2,LED|OPR,0,1,{'baseline': 'ok'},,PASS
SYN-0021,Synthetic 21,OpenFlight,adult,en,merit,975,4,61.67,Gold,8,40.0|50.0|50.0|60.0|75.0|85.0|50.0|50.0,63.75,Pathfinder,81.67,81.67,1,1,45.75,Expanding,POSITIVE_STANDING,STANDARD_TEMPLATE_ELIGIBLE_FOR_REVIEW,71.4,NOT_ELIGIBLE,6,ACH-ACT-001|ACH-CAP-001|ACH-EVD-001|ACH-LRN-001|ACH-MST-001|ACH-TEAM-001,0,0,1,6,1,3,0,5,BLD|OPR|PRT,1,1,{'baseline': 'ok'},,PASS
SYN-0022,Synthetic 22,Expedition,adult,en,returning,195,2,24.17,Iron,3,50.0|0.0|0.0|55.0|0.0|0.0|0.0|40.0,37.5,Scout,83.33,49.0,0,0,22.5,Focused,POSITIVE_STANDING,NOT_ELIGIBLE,43.95,NOT_ELIGIBLE,4,ACH-ACT-001|ACH-EVD-001|ACH-EVD-002|ACH-RET-001,0,0,0,3,0,4,0,2,BLD|OPR,0,0,{'baseline': 'ok'},,PASS
SYN-0023,Synthetic 23,OpenFlight,minor,ar,minor_ar,425,3,61.67,Gold,6,40.0|60.0|0.0|75.0|85.0|50.0|60.0|0.0,40.0,Scout,76.67,49.0,0,0,38.75,Expanding,NORMAL,NOT_ELIGIBLE,37.95,NOT_ELIGIBLE,3,ACH-ACT-001|ACH-EVD-001|ACH-LRN-001,0,0,0,2,0,5,0,4,BLD|LED|PRT,0,1,{'baseline': 'ok'},,PASS
SYN-0024,Synthetic 24,MeritRoute,adult,ar,a11y_compressed,460,3,55.83,Silver,6,40.0|60.0|0.0|75.0|75.0|0.0|10.0|75.0,45.0,Scout,80.0,49.0,0,0,38.75,Expanding,POSITIVE_STANDING,NOT_ELIGIBLE,47.45,NOT_ELIGIBLE,4,ACH-ACT-001|ACH-EVD-001|ACH-LRN-001|ACH-TEAM-001,0,0,2,2,0,4,0,4,BLD|OPR|PRT,0,1,{'baseline': 'ok'},,PASS
SYN-0025,Synthetic 25,WingPass,adult,ar,team_passenger,70,1,13.33,Iron,2,0.0|0.0|40.0|0.0|0.0|0.0|40.0|0.0,22.5,Hatchling,70.0,49.0,0,0,5.0,Focused,NORMAL,NOT_ELIGIBLE,26.45,NOT_ELIGIBLE,2,ACH-ACT-001|ACH-EVD-001,0,0,0,1,0,1,0,1,OPR,0,0,{'full_mastery_from_team': 'no'},,PASS
SYN-0026,Synthetic 26,OpenFlight,adult,ar,team_strong,1490,5,77.5,Platinum,8,50.0|85.0|75.0|60.0|75.0|85.0|70.0|75.0,66.25,Specialist,83.33,83.33,1,1,57.0,Multi-Horizon,POSITIVE_STANDING,STANDARD_TEMPLATE_ELIGIBLE_FOR_REVIEW,81.65,NOT_ELIGIBLE,7,ACH-ACT-001|ACH-CAP-001|ACH-EVD-001|ACH-LIVE-001|ACH-LRN-001|ACH-MST-001|ACH-TEAM-001,0,0,6,5,1,6,0,6,BLD|LED|OPR|PRT,1,1,{'baseline': 'ok'},,PASS
SYN-0027,Synthetic 27,MeritRoute,adult,en,integrity,360,3,56.67,Silver,6,40.0|60.0|75.0|50.0|50.0|0.0|65.0|0.0,37.5,Scout,83.33,49.0,0,0,38.75,Expanding,NORMAL,NOT_ELIGIBLE,42.7,NOT_ELIGIBLE,3,ACH-ACT-001|ACH-EVD-001|ACH-LRN-001,0,0,0,3,0,4,0,4,LED|OPR|PRT,0,1,{'baseline': 'ok'},,PASS
SYN-0028,Synthetic 28,OpenFlight,adult,ar,popular_weak,190,2,27.5,Iron,4,65.0|50.0|0.0|0.0|40.0|10.0|0.0|0.0,42.5,Scout,85.0,49.0,0,0,22.5,Focused,POSITIVE_STANDING,NOT_ELIGIBLE,41.7,NOT_ELIGIBLE,3,ACH-ACT-001|ACH-EVD-001|ACH-TEAM-001,0,0,1,2,0,2,0,2,BLD|PRT,0,1,"{'mastery_from_popularity': 'no', 'prestige_from_popularity': 'no'}",,PASS
SYN-0029,Synthetic 29,OpenFlight,adult,ar,steady,965,4,73.33,Gold,7,65.0|75.0|85.0|75.0|0.0|60.0|80.0|50.0,58.75,Pathfinder,86.0,86.0,1,1,53.75,Multi-Horizon,NORMAL,STANDARD_TEMPLATE_ELIGIBLE_FOR_REVIEW,67.3,NOT_ELIGIBLE,6,ACH-ACT-001|ACH-CAP-001|ACH-EVD-001|ACH-EVD-002|ACH-LRN-001|ACH-MST-001,0,0,0,5,1,6,0,7,LED|OPR|PRT,1,1,{'baseline': 'ok'},,PASS
SYN-0030,Synthetic 30,Expedition,adult,en,new,340,3,44.17,Bronze,5,0.0|0.0|40.0|50.0|0.0|40.0|85.0|50.0,37.5,Scout,76.67,49.0,0,0,27.5,Expanding,NORMAL,NOT_ELIGIBLE,35.7,NOT_ELIGIBLE,3,ACH-ACT-001|ACH-EVD-001|ACH-LRN-001,0,0,0,2,0,3,0,3,LED|OPR,0,1,{'baseline': 'ok'},,PASS
SYN-0031,Synthetic 31,MeritRoute,adult,en,steady,915,4,57.5,Silver,6,0.0|75.0|85.0|15.0|0.0|20.0|65.0|85.0,66.25,Specialist,81.67,81.67,1,1,29.5,Expanding,POSITIVE_STANDING,PROGRESS_VISIBLE,70.65,NOT_ELIGIBLE,7,ACH-ACT-001|ACH-CAP-001|ACH-EVD-001|ACH-EVD-002|ACH-LRN-001|ACH-MST-001|ACH-TEAM-001,0,0,2,3,1,4,0,3,LED|OPR,1,1,{'baseline': 'ok'},,PASS
SYN-0032,Synthetic 32,FlightPass,adult,ar,high_act_low_ev,570,3,53.33,Silver,6,60.0|50.0|0.0|50.0|50.0|50.0|60.0|0.0,12.5,Hatchling,0.0,0.0,0,0,70.0,Integrated,NORMAL,NOT_ELIGIBLE,22.5,NOT_ELIGIBLE,3,ACH-ACT-001|ACH-LRN-001|ACH-TEAM-001,0,0,1,0,0,14,0,9,BLD|LED|OPR|PRT,0,1,"{'high_xp': 'yes', 'route_proven': 'no', 'title': 'no', 'prestige': 'no', 'mastery_strong': 'no'}",,PASS
SYN-0033,Synthetic 33,WingPass,adult,en,low_act_high_ev,970,4,57.5,Silver,8,65.0|60.0|50.0|50.0|50.0|70.0|50.0|50.0,63.75,Pathfinder,100.0,100.0,1,1,29.5,Expanding,POSITIVE_STANDING,PROGRESS_VISIBLE,73.65,NOT_ELIGIBLE,5,ACH-ACT-001|ACH-CAP-001|ACH-EVD-001|ACH-MST-001|ACH-TEAM-001,0,0,1,8,1,1,0,3,BLD|OPR,1,1,"{'route_proven': 'possible', 'mastery_strong': 'possible', 'not_punished_for_efficiency': 'yes'}",,PASS
SYN-0034,Synthetic 34,OpenFlight,adult,en,experienced,1200,5,80.0,Platinum,8,75.0|75.0|50.0|50.0|75.0|85.0|85.0|85.0,86.25,Specialist,100.0,100.0,1,2,63.0,Multi-Horizon,NORMAL,STANDARD_TEMPLATE_ELIGIBLE_FOR_REVIEW,73.6,NOT_ELIGIBLE,7,ACH-ACT-001|ACH-BRD-001|ACH-CAP-001|ACH-EVD-001|ACH-LRN-001|ACH-MST-001|ACH-SEX-001,0,1,0,8,1,6,0,7,BLD|LED|OPR|PRT,1,1,{'baseline': 'ok'},,PASS
SYN-0035,Synthetic 35,MeritRoute,adult,en,new,350,3,39.17,Bronze,4,75.0|0.0|0.0|60.0|60.0|0.0|40.0|0.0,27.5,Hatchling,70.0,49.0,0,0,38.75,Expanding,NORMAL,NOT_ELIGIBLE,35.7,NOT_ELIGIBLE,4,ACH-ACT-001|ACH-EVD-001|ACH-LRN-001|ACH-TEAM-001,0,0,1,1,0,4,0,4,BLD|LED|OPR,0,1,{'baseline': 'ok'},,PASS
SYN-0036,Synthetic 36,Expedition,adult,en,merit,1160,5,79.17,Platinum,7,75.0|75.0|85.0|90.0|50.0|85.0|0.0|65.0,58.75,Pathfinder,83.33,83.33,1,1,55.0,Multi-Horizon,NORMAL,STANDARD_TEMPLATE_ELIGIBLE_FOR_REVIEW,66.75,NOT_ELIGIBLE,6,ACH-ACT-001|ACH-CAP-001|ACH-EVD-001|ACH-EVD-002|ACH-LRN-001|ACH-MST-001,0,0,0,5,1,6,0,6,BLD|LED|OPR|PRT,1,1,{'baseline': 'ok'},,PASS
SYN-0037,Synthetic 37,OpenFlight,adult,en,returning,380,3,41.67,Bronze,5,10.0|0.0|0.0|55.0|50.0|60.0|75.0|0.0,45.0,Scout,86.67,49.0,0,0,22.5,Focused,POSITIVE_STANDING,NOT_ELIGIBLE,48.95,NOT_ELIGIBLE,6,ACH-ACT-001|ACH-EVD-001|ACH-EVD-002|ACH-LRN-001|ACH-RET-001|ACH-TEAM-001,0,0,2,3,0,4,0,2,BLD|OPR,0,1,{'baseline': 'ok'},,PASS
SYN-0038,Synthetic 38,Expedition,minor,ar,minor_ar,250,2,50.0,Silver,7,0.0|40.0|50.0|50.0|50.0|50.0|50.0|50.0,37.5,Scout,80.0,49.0,0,0,33.75,Expanding,NORMAL,NOT_ELIGIBLE,36.95,NOT_ELIGIBLE,2,ACH-ACT-001|ACH-EVD-001,0,0,0,2,0,3,0,3,BLD|OPR|PRT,0,1,{'baseline': 'ok'},,PASS
SYN-0039,Synthetic 39,OpenFlight,adult,ar,a11y_compressed,450,3,60.83,Gold,6,65.0|85.0|0.0|40.0|85.0|0.0|40.0|50.0,42.5,Scout,90.0,49.0,0,0,21.25,Focused,POSITIVE_STANDING,NOT_ELIGIBLE,46.2,NOT_ELIGIBLE,4,ACH-ACT-001|ACH-EVD-001|ACH-LRN-001|ACH-TEAM-001,0,0,1,3,0,3,0,3,OPR,0,1,{'baseline': 'ok'},,PASS
SYN-0040,Synthetic 40,FlightPass,adult,en,team_passenger,210,2,41.67,Bronze,5,0.0|0.0|40.0|60.0|0.0|50.0|50.0|50.0,5.0,Hatchling,15.0,15.0,0,0,38.75,Expanding,NORMAL,NOT_ELIGIBLE,18.25,NOT_ELIGIBLE,3,ACH-ACT-001|ACH-EVD-001|ACH-LRN-001,0,0,0,0,0,4,0,4,LED|OPR|PRT,0,1,{'full_mastery_from_team': 'no'},,PASS
SYN-0041,Synthetic 41,Expedition,adult,en,team_strong,1500,6,77.5,Platinum,8,50.0|60.0|75.0|60.0|85.0|85.0|75.0|85.0,66.25,Specialist,83.33,83.33,1,1,62.0,Multi-Horizon,POSITIVE_STANDING,STANDARD_TEMPLATE_ELIGIBLE_FOR_REVIEW,82.65,NOT_ELIGIBLE,7,ACH-ACT-001|ACH-CAP-001|ACH-EVD-001|ACH-LIVE-001|ACH-LRN-001|ACH-MST-001|ACH-TEAM-001,0,0,8,5,1,5,0,7,BLD|LED|OPR|PRT,1,1,{'baseline': 'ok'},,PASS
SYN-0042,Synthetic 42,OpenFlight,adult,en,integrity,530,3,68.33,Gold,8,65.0|75.0|85.0|50.0|85.0|50.0|50.0|50.0,45.0,Scout,86.67,49.0,0,0,43.75,Expanding,POSITIVE_STANDING,NOT_ELIGIBLE,55.45,NOT_ELIGIBLE,4,ACH-ACT-001|ACH-EVD-001|ACH-LRN-001|ACH-TEAM-001,0,0,1,4,0,6,0,5,LED|OPR|PRT,0,1,{'baseline': 'ok'},,PASS
SYN-0043,Synthetic 43,OpenFlight,adult,en,popular_weak,260,2,44.17,Bronze,6,40.0|50.0|0.0|10.0|0.0|40.0|75.0|50.0,30.0,Hatchling,70.0,49.0,0,0,50.0,Multi-Horizon,NORMAL,NOT_ELIGIBLE,37.95,NOT_ELIGIBLE,3,ACH-ACT-001|ACH-EVD-001|ACH-TEAM-001,0,0,1,1,0,5,0,5,BLD|LED|OPR|PRT,0,1,"{'mastery_from_popularity': 'no', 'prestige_from_popularity': 'no'}",,PASS
SYN-0044,Synthetic 44,Expedition,adult,en,prestige,1265,5,76.67,Platinum,8,65.0|85.0|60.0|75.0|75.0|75.0|50.0|85.0,87.5,Vanguard,100.0,100.0,1,2,80.0,Integrated,ELEVATED_RESPONSIBILITY_ELIGIBLE,INTEGRATED_TEMPLATE_ELIGIBLE_FOR_REVIEW,94.75,ELIGIBLE_ASCENDANT_NOMINATION,10,ACH-ACT-001|ACH-BRD-001|ACH-CAP-001|ACH-CXW-001|ACH-EVD-001|ACH-LIVE-001|ACH-LRN-001|ACH-MST-001|ACH-SEX-001|ACH-TEAM-001,1,1,1,8,1,6,0,8,BLD|LED|OPR|PRT,1,1,"{'prestige_auto_grant': 'no', 'nomination_possible': 'yes'}",,PASS
SYN-0045,Synthetic 45,WingPass,adult,en,new,290,2,40.0,Bronze,5,0.0|65.0|0.0|60.0|10.0|65.0|0.0|40.0,12.5,Hatchling,30.0,30.0,0,0,27.5,Expanding,POSITIVE_STANDING,NOT_ELIGIBLE,30.0,NOT_ELIGIBLE,4,ACH-ACT-001|ACH-EVD-001|ACH-LRN-001|ACH-TEAM-001,0,0,2,0,0,4,0,3,OPR|PRT,0,1,{'baseline': 'ok'},,PASS
SYN-0046,Synthetic 46,Expedition,adult,en,steady,900,4,65.0,Gold,6,75.0|60.0|50.0|60.0|0.0|0.0|65.0|80.0,62.5,Pathfinder,75.0,75.0,1,1,45.75,Expanding,POSITIVE_STANDING,STANDARD_TEMPLATE_ELIGIBLE_FOR_REVIEW,62.4,NOT_ELIGIBLE,7,ACH-ACT-001|ACH-CAP-001|ACH-EVD-001|ACH-EVD-002|ACH-LRN-001|ACH-MST-001|ACH-TEAM-001,0,0,2,1,1,4,0,5,BLD|LED|OPR,1,1,{'baseline': 'ok'},,PASS
SYN-0047,Synthetic 47,OpenFlight,adult,en,high_act_low_ev,610,4,51.67,Silver,7,40.0|60.0|50.0|0.0|40.0|60.0|50.0|50.0,7.5,Hatchling,0.0,0.0,0,0,70.0,Integrated,NORMAL,NOT_ELIGIBLE,20.0,NOT_ELIGIBLE,2,ACH-ACT-001|ACH-LRN-001,0,0,0,0,0,16,0,9,BLD|LED|OPR|PRT,0,1,"{'high_xp': 'yes', 'route_proven': 'no', 'title': 'no', 'prestige': 'no', 'mastery_strong': 'no'}",,PASS
SYN-0048,Synthetic 48,MeritRoute,adult,ar,low_act_high_ev,910,4,57.5,Silver,7,40.0|0.0|40.0|50.0|50.0|70.0|85.0|50.0,58.75,Pathfinder,100.0,100.0,1,1,16.25,Focused,NORMAL,PROGRESS_VISIBLE,64.0,NOT_ELIGIBLE,5,ACH-ACT-001|ACH-CAP-001|ACH-EVD-001|ACH-LRN-001|ACH-MST-001,0,0,0,7,1,1,0,2,OPR,1,1,"{'route_proven': 'possible', 'mastery_strong': 'possible', 'not_punished_for_efficiency': 'yes'}",,PASS
SYN-0049,Synthetic 49,Expedition,adult,ar,experienced,1055,5,65.83,Gold,8,40.0|50.0|85.0|50.0|75.0|85.0|50.0|50.0,86.25,Specialist,100.0,100.0,1,2,46.75,Expanding,NORMAL,STANDARD_TEMPLATE_ELIGIBLE_FOR_REVIEW,70.35,NOT_ELIGIBLE,7,ACH-ACT-001|ACH-BRD-001|ACH-CAP-001|ACH-EVD-001|ACH-LRN-001|ACH-MST-001|ACH-SEX-001,0,1,0,7,1,4,0,5,BLD|LED|OPR,1,1,{'baseline': 'ok'},,PASS
SYN-0050,Synthetic 50,Expedition,adult,en,new,440,3,37.5,Bronze,5,40.0|10.0|75.0|0.0|0.0|40.0|60.0|0.0,45.0,Scout,95.0,49.0,0,0,22.5,Focused,POSITIVE_STANDING,NOT_ELIGIBLE,48.95,NOT_ELIGIBLE,4,ACH-ACT-001|ACH-EVD-001|ACH-LRN-001|ACH-TEAM-001,0,0,2,3,0,2,0,2,LED|OPR,0,1,{'baseline': 'ok'},,PASS
SYN-0051,Synthetic 51,Expedition,adult,en,merit,1100,5,73.33,Gold,8,65.0|85.0|50.0|85.0|75.0|70.0|50.0|60.0,66.25,Specialist,81.67,81.67,1,1,57.0,Multi-Horizon,POSITIVE_STANDING,STANDARD_TEMPLATE_ELIGIBLE_FOR_REVIEW,78.65,NOT_ELIGIBLE,6,ACH-ACT-001|ACH-CAP-001|ACH-EVD-001|ACH-LRN-001|ACH-MST-001|ACH-TEAM-001,0,0,3,5,1,6,0,6,BLD|LED|OPR|PRT,1,1,{'baseline': 'ok'},,PASS
SYN-0052,Synthetic 52,WingPass,adult,ar,returning,315,3,45.83,Silver,5,50.0|0.0|0.0|50.0|75.0|0.0|50.0|50.0,45.0,Scout,86.67,49.0,0,0,32.5,Expanding,POSITIVE_STANDING,NOT_ELIGIBLE,48.45,NOT_ELIGIBLE,5,ACH-ACT-001|ACH-EVD-001|ACH-LRN-001|ACH-RET-001|ACH-TEAM-001,0,0,1,3,0,6,0,4,LED|OPR,0,1,{'baseline': 'ok'},,PASS
SYN-0053,Synthetic 53,FlightPass,minor,ar,minor_ar,600,4,71.67,Gold,6,75.0|0.0|75.0|85.0|60.0|60.0|75.0|0.0,45.0,Scout,95.0,49.0,0,0,38.75,Expanding,POSITIVE_STANDING,NOT_ELIGIBLE,59.2,NOT_ELIGIBLE,4,ACH-ACT-001|ACH-EVD-001|ACH-LRN-001|ACH-TEAM-001,0,0,1,5,0,5,0,4,BLD|LED|OPR,0,1,{'baseline': 'ok'},,PASS
SYN-0054,Synthetic 54,FlightPass,adult,en,a11y_compressed,370,3,56.67,Silver,6,10.0|65.0|0.0|65.0|85.0|0.0|65.0|50.0,42.5,Scout,83.33,49.0,0,0,33.75,Expanding,POSITIVE_STANDING,NOT_ELIGIBLE,43.95,NOT_ELIGIBLE,4,ACH-ACT-001|ACH-EVD-001|ACH-LRN-001|ACH-TEAM-001,0,0,1,2,0,4,0,3,BLD|LED|OPR,0,1,{'baseline': 'ok'},,PASS
SYN-0055,Synthetic 55,WingPass,adult,en,team_passenger,200,2,31.67,Bronze,4,40.0|60.0|0.0|0.0|40.0|50.0|0.0|0.0,37.5,Scout,85.0,49.0,0,0,5.0,Focused,NORMAL,NOT_ELIGIBLE,31.2,NOT_ELIGIBLE,3,ACH-ACT-001|ACH-EVD-001|ACH-LRN-001,0,0,0,2,0,2,0,1,PRT,0,1,{'full_mastery_from_team': 'no'},,PASS
SYN-0056,Synthetic 56,OpenFlight,adult,en,team_strong,1295,5,68.33,Gold,8,65.0|60.0|10.0|50.0|60.0|80.0|60.0|85.0,66.25,Specialist,86.0,86.0,1,1,45.75,Expanding,POSITIVE_STANDING,STANDARD_TEMPLATE_ELIGIBLE_FOR_REVIEW,80.2,NOT_ELIGIBLE,7,ACH-ACT-001|ACH-CAP-001|ACH-EVD-001|ACH-LIVE-001|ACH-LRN-001|ACH-MST-001|ACH-TEAM-001,0,0,7,5,1,4,0,5,LED|OPR|PRT,1,1,{'baseline': 'ok'},,PASS
SYN-0057,Synthetic 57,MeritRoute,adult,en,integrity,460,3,52.5,Silver,7,40.0|50.0|10.0|65.0|0.0|50.0|60.0|50.0,45.0,Scout,83.33,49.0,0,0,22.5,Focused,POSITIVE_STANDING,NOT_ELIGIBLE,53.7,NOT_ELIGIBLE,4,ACH-ACT-001|ACH-EVD-001|ACH-LRN-001|ACH-TEAM-001,0,0,2,4,0,2,0,2,LED|OPR,0,1,{'baseline': 'ok'},,PASS
SYN-0058,Synthetic 58,MeritRoute,adult,ar,popular_weak,305,3,53.33,Silver,6,50.0|0.0|60.0|60.0|0.0|50.0|50.0|50.0,12.5,Hatchling,0.0,0.0,0,0,38.75,Expanding,NORMAL,NOT_ELIGIBLE,16.25,NOT_ELIGIBLE,3,ACH-ACT-001|ACH-LRN-001|ACH-TEAM-001,0,0,1,0,0,6,0,4,BLD|LED|PRT,0,1,"{'mastery_from_popularity': 'no', 'prestige_from_popularity': 'no'}",,PASS
SYN-0059,Synthetic 59,MeritRoute,adult,en,steady,335,3,47.5,Silver,6,0.0|50.0|85.0|50.0|0.0|40.0|50.0|10.0,12.5,Hatchling,30.0,30.0,0,0,33.75,Expanding,POSITIVE_STANDING,NOT_ELIGIBLE,33.75,NOT_ELIGIBLE,4,ACH-ACT-001|ACH-EVD-001|ACH-LRN-001|ACH-TEAM-001,0,0,3,0,0,4,0,3,BLD|LED|OPR,0,1,{'baseline': 'ok'},,PASS
SYN-0060,Synthetic 60,Expedition,adult,en,new,320,3,35.0,Bronze,5,10.0|50.0|0.0|0.0|0.0|40.0|60.0|50.0,45.0,Scout,95.0,49.0,0,0,5.0,Focused,POSITIVE_STANDING,NOT_ELIGIBLE,45.45,NOT_ELIGIBLE,4,ACH-ACT-001|ACH-EVD-001|ACH-LRN-001|ACH-TEAM-001,0,0,2,3,0,1,0,1,BLD,0,1,{'baseline': 'ok'},,PASS
SYN-0061,Synthetic 61,MeritRoute,adult,ar,steady,1010,5,71.67,Gold,7,50.0|75.0|50.0|75.0|0.0|65.0|90.0|75.0,66.25,Specialist,80.0,80.0,1,1,50.75,Multi-Horizon,POSITIVE_STANDING,STANDARD_TEMPLATE_ELIGIBLE_FOR_REVIEW,69.65,NOT_ELIGIBLE,7,ACH-ACT-001|ACH-CAP-001|ACH-EVD-001|ACH-EVD-002|ACH-LRN-001|ACH-MST-001|ACH-TEAM-001,0,0,2,2,1,7,0,6,BLD|LED|OPR,1,1,{'baseline': 'ok'},,PASS
SYN-0062,Synthetic 62,OpenFlight,adult,en,high_act_low_ev,660,4,53.33,Silver,7,50.0|50.0|50.0|60.0|50.0|0.0|50.0|60.0,7.5,Hatchling,0.0,0.0,0,0,70.0,Integrated,NORMAL,NOT_ELIGIBLE,20.0,NOT_ELIGIBLE,2,ACH-ACT-001|ACH-LRN-001,0,0,0,0,0,16,0,9,BLD|LED|OPR|PRT,0,1,"{'high_xp': 'yes', 'route_proven': 'no', 'title': 'no', 'prestige': 'no', 'mastery_strong': 'no'}",,PASS
SYN-0063,Synthetic 63,WingPass,adult,ar,low_act_high_ev,1005,5,57.5,Silver,8,40.0|60.0|50.0|60.0|50.0|30.0|75.0|50.0,66.25,Specialist,100.0,100.0,1,1,40.75,Expanding,POSITIVE_STANDING,STANDARD_TEMPLATE_ELIGIBLE_FOR_REVIEW,80.9,NOT_ELIGIBLE,6,ACH-ACT-001|ACH-CAP-001|ACH-EVD-001|ACH-LRN-001|ACH-MST-001|ACH-TEAM-001,0,0,3,6,1,2,0,4,BLD|LED|OPR,1,1,"{'route_proven': 'possible', 'mastery_strong': 'possible', 'not_punished_for_efficiency': 'yes'}",,PASS
SYN-0064,Synthetic 64,WingPass,adult,en,experienced,1170,5,75.83,Platinum,8,40.0|50.0|75.0|85.0|75.0|85.0|85.0|50.0,86.25,Specialist,100.0,100.0,1,2,73.0,Integrated,NORMAL,STANDARD_TEMPLATE_ELIGIBLE_FOR_REVIEW,75.6,NOT_ELIGIBLE,7,ACH-ACT-001|ACH-BRD-001|ACH-CAP-001|ACH-EVD-001|ACH-LRN-001|ACH-MST-001|ACH-SEX-001,0,1,0,7,1,6,0,9,BLD|LED|OPR|PRT,1,1,{'baseline': 'ok'},,PASS
SYN-0065,Synthetic 65,FlightPass,adult,en,new,270,2,31.67,Bronze,5,0.0|50.0|10.0|0.0|40.0|0.0|40.0|50.0,42.5,Scout,95.0,49.0,0,0,5.0,Focused,POSITIVE_STANDING,NOT_ELIGIBLE,42.95,NOT_ELIGIBLE,4,ACH-ACT-001|ACH-EVD-001|ACH-LRN-001|ACH-TEAM-001,0,0,1,3,0,1,0,1,LED,0,1,{'baseline': 'ok'},,PASS
SYN-0066,Synthetic 66,Expedition,adult,en,merit,965,4,74.17,Gold,8,65.0|85.0|85.0|65.0|50.0|70.0|75.0|50.0,58.75,Pathfinder,85.0,85.0,1,1,53.75,Multi-Horizon,NORMAL,STANDARD_TEMPLATE_ELIGIBLE_FOR_REVIEW,67.0,NOT_ELIGIBLE,6,ACH-ACT-001|ACH-CAP-001|ACH-EVD-001|ACH-EVD-002|ACH-LRN-001|ACH-MST-001,0,0,0,4,1,5,0,7,BLD|OPR|PRT,1,1,{'baseline': 'ok'},,PASS
SYN-0067,Synthetic 67,Expedition,adult,en,returning,480,3,63.33,Gold,6,60.0|0.0|0.0|70.0|60.0|50.0|65.0|75.0,40.0,Scout,86.67,49.0,0,0,38.75,Expanding,POSITIVE_STANDING,NOT_ELIGIBLE,51.95,NOT_ELIGIBLE,5,ACH-ACT-001|ACH-EVD-001|ACH-EVD-002|ACH-LRN-001|ACH-RET-001,0,0,0,4,0,7,0,4,BLD|LED|OPR,0,1,{'baseline': 'ok'},,PASS
SYN-0068,Synthetic 68,OpenFlight,minor,ar,minor_ar,390,3,47.5,Silver,6,0.0|50.0|50.0|0.0|10.0|75.0|50.0|50.0,42.5,Scout,76.67,49.0,0,0,33.75,Expanding,POSITIVE_STANDING,NOT_ELIGIBLE,43.95,NOT_ELIGIBLE,4,ACH-ACT-001|ACH-EVD-001|ACH-LRN-001|ACH-TEAM-001,0,0,1,2,0,3,0,3,BLD|OPR|PRT,0,1,{'baseline': 'ok'},,PASS
SYN-0069,Synthetic 69,MeritRoute,adult,en,a11y_compressed,290,2,45.83,Silver,5,65.0|50.0|0.0|50.0|0.0|0.0|50.0|60.0,30.0,Hatchling,66.67,49.0,0,0,27.5,Expanding,POSITIVE_STANDING,NOT_ELIGIBLE,40.45,NOT_ELIGIBLE,4,ACH-ACT-001|ACH-EVD-001|ACH-LRN-001|ACH-TEAM-001,0,0,2,1,0,4,0,3,LED|OPR,0,1,{'baseline': 'ok'},,PASS
SYN-0070,Synthetic 70,WingPass,adult,ar,team_passenger,370,3,52.5,Silver,6,50.0|50.0|50.0|0.0|50.0|75.0|0.0|40.0,22.5,Hatchling,70.0,49.0,0,0,33.75,Expanding,NORMAL,NOT_ELIGIBLE,32.2,NOT_ELIGIBLE,3,ACH-ACT-001|ACH-EVD-001|ACH-LRN-001,0,0,0,1,0,4,0,3,BLD|OPR|PRT,0,1,{'full_mastery_from_team': 'no'},,PASS
SYN-0071,Synthetic 71,Expedition,adult,en,team_strong,1260,5,75.83,Platinum,8,50.0|85.0|60.0|75.0|85.0|80.0|70.0|60.0,66.25,Specialist,83.33,83.33,1,1,50.75,Multi-Horizon,POSITIVE_STANDING,STANDARD_TEMPLATE_ELIGIBLE_FOR_REVIEW,75.65,NOT_ELIGIBLE,7,ACH-ACT-001|ACH-CAP-001|ACH-EVD-001|ACH-LIVE-001|ACH-LRN-001|ACH-MST-001|ACH-TEAM-001,0,0,7,2,1,5,0,6,BLD|LED|OPR,1,1,{'baseline': 'ok'},,PASS
SYN-0072,Synthetic 72,MeritRoute,adult,en,integrity,530,3,58.33,Silver,8,50.0|75.0|75.0|50.0|50.0|50.0|50.0|50.0,45.0,Scout,83.33,49.0,0,0,45.0,Expanding,POSITIVE_STANDING,NOT_ELIGIBLE,62.95,NOT_ELIGIBLE,3,ACH-ACT-001|ACH-EVD-001|ACH-TEAM-001,0,0,2,5,0,4,0,4,BLD|LED|OPR|PRT,0,1,{'baseline': 'ok'},,PASS
SYN-0073,Synthetic 73,FlightPass,adult,en,popular_weak,350,3,45.0,Silver,5,0.0|65.0|85.0|0.0|50.0|60.0|0.0|10.0,30.0,Hatchling,66.67,49.0,0,0,38.75,Expanding,POSITIVE_STANDING,NOT_ELIGIBLE,42.7,NOT_ELIGIBLE,4,ACH-ACT-001|ACH-EVD-001|ACH-LRN-001|ACH-TEAM-001,0,0,2,1,0,4,0,4,BLD|LED|PRT,0,1,"{'mastery_from_popularity': 'no', 'prestige_from_popularity': 'no'}",,PASS
SYN-0074,Synthetic 74,MeritRoute,adult,en,steady,725,4,64.17,Gold,6,65.0|75.0|85.0|50.0|0.0|60.0|50.0|0.0,58.75,Pathfinder,81.67,81.67,1,1,50.0,Multi-Horizon,NORMAL,STANDARD_TEMPLATE_ELIGIBLE_FOR_REVIEW,60.5,NOT_ELIGIBLE,5,ACH-ACT-001|ACH-CAP-001|ACH-EVD-001|ACH-LRN-001|ACH-MST-001,0,0,0,2,1,4,0,5,BLD|LED|OPR|PRT,1,1,{'baseline': 'ok'},,PASS
SYN-0075,Synthetic 75,MeritRoute,adult,en,new,250,2,33.33,Bronze,4,0.0|0.0|40.0|0.0|60.0|50.0|50.0|0.0,42.5,Scout,76.67,49.0,0,0,5.0,Focused,POSITIVE_STANDING,NOT_ELIGIBLE,38.2,NOT_ELIGIBLE,4,ACH-ACT-001|ACH-EVD-001|ACH-LRN-001|ACH-TEAM-001,0,0,1,2,0,1,0,1,OPR,0,1,{'baseline': 'ok'},,PASS
SYN-0076,Synthetic 76,FlightPass,adult,en,steady,795,4,63.33,Gold,7,65.0|50.0|85.0|15.0|0.0|65.0|65.0|50.0,58.75,Pathfinder,78.33,78.33,1,1,43.75,Expanding,NORMAL,STANDARD_TEMPLATE_ELIGIBLE_FOR_REVIEW,58.25,NOT_ELIGIBLE,6,ACH-ACT-001|ACH-CAP-001|ACH-EVD-001|ACH-EVD-002|ACH-LRN-001|ACH-MST-001,0,0,0,2,1,5,0,5,BLD|LED|OPR,1,1,{'baseline': 'ok'},,PASS
SYN-0077,Synthetic 77,FlightPass,adult,ar,high_act_low_ev,850,4,56.67,Silver,8,50.0|70.0|10.0|40.0|50.0|50.0|60.0|60.0,15.0,Hatchling,0.0,0.0,0,0,75.0,Integrated,NORMAL,NOT_ELIGIBLE,26.0,NOT_ELIGIBLE,3,ACH-ACT-001|ACH-LRN-001|ACH-TEAM-001,0,0,2,0,0,16,0,10,BLD|LED|OPR|PRT,0,1,"{'high_xp': 'yes', 'route_proven': 'no', 'title': 'no', 'prestige': 'no', 'mastery_strong': 'no'}",,PASS
SYN-0078,Synthetic 78,MeritRoute,adult,en,low_act_high_ev,995,4,59.17,Silver,8,75.0|50.0|50.0|50.0|50.0|60.0|50.0|70.0,63.75,Pathfinder,100.0,100.0,1,1,29.5,Expanding,POSITIVE_STANDING,PROGRESS_VISIBLE,73.65,NOT_ELIGIBLE,6,ACH-ACT-001|ACH-CAP-001|ACH-EVD-001|ACH-LRN-001|ACH-MST-001|ACH-TEAM-001,0,0,1,8,1,1,0,3,LED|OPR,1,1,"{'route_proven': 'possible', 'mastery_strong': 'possible', 'not_punished_for_efficiency': 'yes'}",,PASS
SYN-0079,Synthetic 79,FlightPass,adult,en,experienced,1030,5,67.5,Gold,8,40.0|50.0|75.0|75.0|50.0|70.0|50.0|85.0,86.25,Specialist,100.0,100.0,1,2,58.0,Multi-Horizon,NORMAL,STANDARD_TEMPLATE_ELIGIBLE_FOR_REVIEW,72.6,NOT_ELIGIBLE,7,ACH-ACT-001|ACH-BRD-001|ACH-CAP-001|ACH-EVD-001|ACH-LRN-001|ACH-MST-001|ACH-SEX-001,0,1,0,7,1,4,0,6,BLD|LED|OPR|PRT,1,1,{'baseline': 'ok'},,PASS
SYN-0080,Synthetic 80,MeritRoute,adult,en,new,320,3,49.17,Silver,5,0.0|50.0|50.0|70.0|50.0|75.0|0.0|0.0,32.5,Hatchling,70.0,49.0,0,0,33.75,Expanding,POSITIVE_STANDING,NOT_ELIGIBLE,41.7,NOT_ELIGIBLE,4,ACH-ACT-001|ACH-EVD-001|ACH-LRN-001|ACH-TEAM-001,0,0,2,1,0,5,0,3,BLD|LED|PRT,0,1,{'baseline': 'ok'},,PASS
SYN-0081,Synthetic 81,MeritRoute,adult,ar,merit,905,4,66.67,Gold,7,40.0|85.0|75.0|50.0|85.0|20.0|65.0|0.0,58.75,Pathfinder,85.0,85.0,1,1,55.0,Multi-Horizon,NORMAL,STANDARD_TEMPLATE_ELIGIBLE_FOR_REVIEW,67.25,NOT_ELIGIBLE,5,ACH-ACT-001|ACH-CAP-001|ACH-EVD-001|ACH-LRN-001|ACH-MST-001,0,0,0,3,1,4,0,6,BLD|LED|OPR|PRT,1,1,{'baseline': 'ok'},,PASS
SYN-0082,Synthetic 82,Expedition,adult,en,returning,200,2,31.67,Bronze,4,10.0|0.0|0.0|40.0|75.0|0.0|0.0|65.0,40.0,Scout,86.67,49.0,0,0,16.25,Focused,POSITIVE_STANDING,NOT_ELIGIBLE,42.7,NOT_ELIGIBLE,3,ACH-ACT-001|ACH-EVD-001|ACH-RET-001,0,0,0,3,0,5,0,2,OPR,0,1,{'baseline': 'ok'},,PASS
SYN-0083,Synthetic 83,WingPass,minor,ar,minor_ar,685,4,70.83,Gold,8,10.0|75.0|70.0|75.0|50.0|60.0|85.0|60.0,47.5,Scout,76.67,49.0,0,0,50.0,Multi-Horizon,POSITIVE_STANDING,NOT_ELIGIBLE,54.7,NOT_ELIGIBLE,4,ACH-ACT-001|ACH-EVD-001|ACH-LRN-001|ACH-TEAM-001,0,0,4,2,0,7,0,5,BLD|LED|OPR|PRT,0,1,{'baseline': 'ok'},,PASS
SYN-0084,Synthetic 84,WingPass,adult,ar,a11y_compressed,420,3,45.83,Silver,6,40.0|10.0|0.0|50.0|75.0|0.0|40.0|60.0,45.0,Scout,86.67,49.0,0,0,5.0,Focused,POSITIVE_STANDING,NOT_ELIGIBLE,50.45,NOT_ELIGIBLE,3,ACH-ACT-001|ACH-EVD-001|ACH-TEAM-001,0,0,4,3,0,1,0,1,LED,0,1,{'baseline': 'ok'},,PASS
SYN-0085,Synthetic 85,OpenFlight,adult,en,team_passenger,60,1,15.0,Iron,2,0.0|40.0|0.0|0.0|50.0|0.0|0.0|0.0,5.0,Hatchling,0.0,0.0,0,0,22.5,Focused,NORMAL,NOT_ELIGIBLE,10.5,NOT_ELIGIBLE,2,ACH-ACT-001|ACH-LRN-001,0,0,0,0,0,2,0,2,BLD|OPR,0,0,{'full_mastery_from_team': 'no'},,PASS
SYN-0086,Synthetic 86,Expedition,adult,en,team_strong,1205,5,65.0,Gold,8,75.0|60.0|10.0|65.0|10.0|70.0|60.0|60.0,66.25,Specialist,86.0,86.0,1,1,40.75,Expanding,POSITIVE_STANDING,STANDARD_TEMPLATE_ELIGIBLE_FOR_REVIEW,79.2,NOT_ELIGIBLE,7,ACH-ACT-001|ACH-CAP-001|ACH-EVD-001|ACH-LIVE-001|ACH-LRN-001|ACH-MST-001|ACH-TEAM-001,0,0,6,6,1,2,0,4,BLD|OPR|PRT,1,1,{'baseline': 'ok'},,PASS
SYN-0087,Synthetic 87,FlightPass,adult,en,integrity,460,3,54.17,Silver,8,40.0|10.0|40.0|60.0|75.0|50.0|50.0|50.0,42.5,Scout,83.33,49.0,0,0,27.5,Expanding,POSITIVE_STANDING,NOT_ELIGIBLE,52.2,NOT_ELIGIBLE,4,ACH-ACT-001|ACH-EVD-001|ACH-LRN-001|ACH-TEAM-001,0,0,1,4,0,3,0,3,BLD|PRT,0,1,{'baseline': 'ok'},,PASS
SYN-0088,Synthetic 88,OpenFlight,adult,ar,popular_weak,125,2,16.67,Iron,2,0.0|0.0|0.0|0.0|0.0|40.0|60.0|0.0,5.0,Hatchling,0.0,0.0,0,0,22.5,Focused,NORMAL,NOT_ELIGIBLE,10.5,NOT_ELIGIBLE,2,ACH-ACT-001|ACH-LRN-001,0,0,0,0,0,2,0,2,LED|OPR,0,0,"{'mastery_from_popularity': 'no', 'prestige_from_popularity': 'no'}",,PASS
SYN-0089,Synthetic 89,WingPass,adult,en,steady,815,4,60.83,Gold,7,50.0|85.0|50.0|75.0|0.0|20.0|55.0|50.0,58.75,Pathfinder,86.0,86.0,1,1,55.0,Multi-Horizon,NORMAL,STANDARD_TEMPLATE_ELIGIBLE_FOR_REVIEW,67.55,NOT_ELIGIBLE,6,ACH-ACT-001|ACH-CAP-001|ACH-EVD-001|ACH-EVD-002|ACH-LRN-001|ACH-MST-001,0,0,0,4,1,4,0,6,BLD|LED|OPR|PRT,1,1,{'baseline': 'ok'},,PASS
SYN-0090,Synthetic 90,Expedition,adult,en,new,305,3,34.17,Bronze,5,10.0|40.0|0.0|0.0|40.0|75.0|0.0|40.0,42.5,Scout,95.0,49.0,0,0,22.5,Focused,POSITIVE_STANDING,NOT_ELIGIBLE,46.45,NOT_ELIGIBLE,3,ACH-ACT-001|ACH-EVD-001|ACH-TEAM-001,0,0,1,3,0,2,0,2,BLD|PRT,0,1,{'baseline': 'ok'},,PASS
SYN-0091,Synthetic 91,MeritRoute,adult,en,steady,990,4,68.33,Gold,7,65.0|60.0|60.0|65.0|0.0|75.0|60.0|85.0,63.75,Pathfinder,80.0,80.0,1,1,62.0,Multi-Horizon,POSITIVE_STANDING,STANDARD_TEMPLATE_ELIGIBLE_FOR_REVIEW,69.4,NOT_ELIGIBLE,7,ACH-ACT-001|ACH-CAP-001|ACH-EVD-001|ACH-EVD-002|ACH-LRN-001|ACH-MST-001|ACH-TEAM-001,0,0,1,2,1,6,0,7,BLD|LED|OPR|PRT,1,1,{'baseline': 'ok'},,PASS
SYN-0092,Synthetic 92,Expedition,adult,en,high_act_low_ev,850,4,56.67,Silver,8,50.0|50.0|60.0|50.0|60.0|50.0|60.0|60.0,12.5,Hatchling,0.0,0.0,0,0,53.75,Multi-Horizon,NORMAL,NOT_ELIGIBLE,19.25,NOT_ELIGIBLE,3,ACH-ACT-001|ACH-LRN-001|ACH-TEAM-001,0,0,1,0,0,18,0,7,BLD|OPR|PRT,0,1,"{'high_xp': 'yes', 'route_proven': 'no', 'title': 'no', 'prestige': 'no', 'mastery_strong': 'no'}",,PASS
SYN-0093,Synthetic 93,WingPass,adult,en,low_act_high_ev,820,4,53.33,Silver,7,0.0|40.0|50.0|50.0|50.0|70.0|50.0|50.0,56.25,Pathfinder,100.0,100.0,1,1,16.25,Focused,NORMAL,PROGRESS_VISIBLE,64.0,NOT_ELIGIBLE,3,ACH-CAP-001|ACH-EVD-001|ACH-MST-001,0,0,0,7,1,0,0,2,OPR,1,1,"{'route_proven': 'possible', 'mastery_strong': 'possible', 'not_punished_for_efficiency': 'yes'}",,PASS
SYN-0094,Synthetic 94,OpenFlight,adult,en,experienced,510,3,62.5,Gold,6,75.0|50.0|0.0|0.0|65.0|75.0|60.0|50.0,86.25,Vanguard,100.0,49.0,0,2,33.75,Expanding,POSITIVE_STANDING,NOT_ELIGIBLE,61.95,NOT_ELIGIBLE,6,ACH-ACT-001|ACH-BRD-001|ACH-EVD-001|ACH-LRN-001|ACH-MST-001|ACH-TEAM-001,0,0,2,6,0,3,0,3,BLD|LED|OPR,0,1,{'baseline': 'ok'},,PASS
SYN-0095,Synthetic 95,WingPass,adult,en,paid_idle,0,1,0.0,Iron,0,0.0|0.0|0.0|0.0|0.0|0.0|0.0|0.0,0.0,Hatchling,0.0,0.0,0,0,0.0,Focused,UNESTABLISHED,NOT_ELIGIBLE,1.5,NOT_ELIGIBLE,0,,0,0,0,0,0,0,0,0,,0,0,"{'xp': '0_or_near', 'momentum': 'Iron', 'mastery': 'none', 'route_proven': 'no'}",,PASS
SYN-0096,Synthetic 96,OpenFlight,adult,en,merit,945,4,70.83,Gold,7,40.0|85.0|50.0|50.0|85.0|70.0|85.0|0.0,58.75,Pathfinder,85.0,85.0,1,1,37.5,Expanding,NORMAL,PROGRESS_VISIBLE,63.75,NOT_ELIGIBLE,5,ACH-ACT-001|ACH-CAP-001|ACH-EVD-001|ACH-LRN-001|ACH-MST-001,0,0,0,3,1,4,0,5,LED|OPR,1,1,{'baseline': 'ok'},,PASS
SYN-0097,Synthetic 97,OpenFlight,adult,en,returning,465,3,58.33,Silver,5,75.0|0.0|0.0|65.0|0.0|75.0|75.0|60.0,45.0,Scout,83.33,49.0,0,0,43.75,Expanding,POSITIVE_STANDING,NOT_ELIGIBLE,50.7,NOT_ELIGIBLE,6,ACH-ACT-001|ACH-EVD-001|ACH-EVD-002|ACH-LRN-001|ACH-RET-001|ACH-TEAM-001,0,0,1,3,0,8,0,5,BLD|LED|OPR,0,1,{'baseline': 'ok'},,PASS
SYN-0098,Synthetic 98,FlightPass,minor,ar,minor_ar,565,3,65.0,Gold,7,75.0|75.0|50.0|50.0|50.0|75.0|0.0|65.0,47.5,Scout,95.0,49.0,0,0,50.0,Multi-Horizon,POSITIVE_STANDING,NOT_ELIGIBLE,63.95,NOT_ELIGIBLE,4,ACH-ACT-001|ACH-EVD-001|ACH-LRN-001|ACH-TEAM-001,0,0,2,5,0,6,0,5,BLD|LED|OPR|PRT,0,1,{'baseline': 'ok'},,PASS
SYN-0099,Synthetic 99,OpenFlight,adult,en,a11y_compressed,430,3,50.0,Silver,5,40.0|60.0|0.0|65.0|60.0|0.0|0.0|75.0,45.0,Scout,76.67,49.0,0,0,38.75,Expanding,POSITIVE_STANDING,NOT_ELIGIBLE,49.95,NOT_ELIGIBLE,4,ACH-ACT-001|ACH-EVD-001|ACH-LRN-001|ACH-TEAM-001,0,0,3,2,0,4,0,4,BLD|LED|PRT,0,1,{'baseline': 'ok'},,PASS
SYN-0100,Synthetic 100,WingPass,adult,ar,team_passenger,185,2,22.5,Iron,2,0.0|0.0|0.0|0.0|0.0|50.0|85.0|0.0,22.5,Hatchling,70.0,49.0,0,0,22.5,Focused,NORMAL,NOT_ELIGIBLE,29.95,NOT_ELIGIBLE,3,ACH-ACT-001|ACH-EVD-001|ACH-LRN-001,0,0,0,1,0,2,0,2,BLD|LED,0,0,{'full_mastery_from_team': 'no'},,PASS
SYN-0101,Synthetic 101,OpenFlight,adult,en,team_strong,1080,5,73.33,Gold,8,50.0|75.0|85.0|60.0|70.0|75.0|20.0|75.0,47.5,Scout,86.67,49.0,0,0,38.75,Expanding,POSITIVE_STANDING,NOT_ELIGIBLE,61.95,NOT_ELIGIBLE,5,ACH-ACT-001|ACH-EVD-001|ACH-LIVE-001|ACH-LRN-001|ACH-TEAM-001,0,0,6,4,0,5,0,4,BLD|LED|OPR,0,1,{'baseline': 'ok'},,PASS
SYN-0102,Synthetic 102,WingPass,adult,en,integrity,215,2,50.83,Silver,6,40.0|50.0|75.0|50.0|0.0|0.0|40.0|50.0,37.5,Scout,83.33,49.0,0,0,21.25,Focused,NORMAL,NOT_ELIGIBLE,34.45,NOT_ELIGIBLE,2,ACH-ACT-001|ACH-EVD-001,0,0,0,2,0,3,0,3,BLD,0,1,{'baseline': 'ok'},,PASS
SYN-0103,Synthetic 103,MeritRoute,adult,en,popular_weak,260,2,29.17,Iron,3,0.0|50.0|0.0|0.0|65.0|0.0|0.0|60.0,27.5,Hatchling,70.0,49.0,0,0,22.5,Focused,NORMAL,NOT_ELIGIBLE,32.45,NOT_ELIGIBLE,4,ACH-ACT-001|ACH-EVD-001|ACH-LRN-001|ACH-TEAM-001,0,0,1,1,0,3,0,2,BLD|OPR,0,0,"{'mastery_from_popularity': 'no', 'prestige_from_popularity': 'no'}",,PASS
SYN-0104,Synthetic 104,MeritRoute,adult,en,steady,845,4,62.5,Gold,6,65.0|0.0|40.0|85.0|0.0|75.0|60.0|50.0,58.75,Pathfinder,80.0,80.0,1,1,48.75,Expanding,NORMAL,STANDARD_TEMPLATE_ELIGIBLE_FOR_REVIEW,59.75,NOT_ELIGIBLE,5,ACH-ACT-001|ACH-CAP-001|ACH-EVD-001|ACH-LRN-001|ACH-MST-001,0,0,0,2,1,5,0,6,BLD|OPR|PRT,1,1,{'baseline': 'ok'},,PASS
SYN-0105,Synthetic 105,Expedition,adult,en,new,345,3,46.67,Silver,6,10.0|0.0|40.0|50.0|50.0|70.0|60.0|0.0,30.0,Hatchling,66.67,49.0,0,0,33.75,Expanding,POSITIVE_STANDING,NOT_ELIGIBLE,41.7,NOT_ELIGIBLE,4,ACH-ACT-001|ACH-EVD-001|ACH-LRN-001|ACH-TEAM-001,0,0,2,1,0,3,0,3,BLD|LED|PRT,0,1,{'baseline': 'ok'},,PASS
SYN-0106,Synthetic 106,MeritRoute,adult,en,steady,1005,5,65.0,Gold,7,75.0|60.0|50.0|10.0|0.0|70.0|85.0|50.0,66.25,Specialist,86.0,86.0,1,1,52.0,Multi-Horizon,POSITIVE_STANDING,STANDARD_TEMPLATE_ELIGIBLE_FOR_REVIEW,76.45,NOT_ELIGIBLE,6,ACH-ACT-001|ACH-CAP-001|ACH-EVD-001|ACH-LRN-001|ACH-MST-001|ACH-TEAM-001,0,0,2,5,1,3,0,5,BLD|LED|OPR|PRT,1,1,{'baseline': 'ok'},,PASS
SYN-0107,Synthetic 107,Expedition,adult,en,high_act_low_ev,720,4,51.67,Silver,8,40.0|50.0|50.0|60.0|10.0|40.0|50.0|60.0,12.5,Hatchling,0.0,0.0,0,0,70.0,Integrated,NORMAL,NOT_ELIGIBLE,22.5,NOT_ELIGIBLE,3,ACH-ACT-001|ACH-LRN-001|ACH-TEAM-001,0,0,1,0,0,16,0,9,BLD|LED|OPR|PRT,0,1,"{'high_xp': 'yes', 'route_proven': 'no', 'title': 'no', 'prestige': 'no', 'mastery_strong': 'no'}",,PASS
SYN-0108,Synthetic 108,MeritRoute,adult,en,low_act_high_ev,930,4,57.5,Silver,8,65.0|50.0|50.0|50.0|60.0|50.0|70.0|50.0,63.75,Pathfinder,100.0,100.0,1,1,18.25,Focused,POSITIVE_STANDING,PROGRESS_VISIBLE,71.4,NOT_ELIGIBLE,5,ACH-ACT-001|ACH-CAP-001|ACH-EVD-001|ACH-MST-001|ACH-TEAM-001,0,0,1,8,1,1,0,2,OPR,1,1,"{'route_proven': 'possible', 'mastery_strong': 'possible', 'not_punished_for_efficiency': 'yes'}",,PASS
SYN-0109,Synthetic 109,WingPass,adult,ar,experienced,840,4,55.83,Silver,6,40.0|0.0|75.0|75.0|50.0|20.0|0.0|75.0,86.25,Specialist,100.0,100.0,1,2,63.0,Multi-Horizon,NORMAL,STANDARD_TEMPLATE_ELIGIBLE_FOR_REVIEW,73.6,NOT_ELIGIBLE,7,ACH-ACT-001|ACH-BRD-001|ACH-CAP-001|ACH-EVD-001|ACH-LRN-001|ACH-MST-001|ACH-SEX-001,0,1,0,3,1,5,0,7,BLD|LED|OPR|PRT,1,1,{'baseline': 'ok'},,PASS
SYN-0110,Synthetic 110,MeritRoute,adult,en,new,385,3,47.5,Silver,6,40.0|0.0|75.0|10.0|0.0|50.0|50.0|60.0,30.0,Hatchling,70.0,49.0,0,0,27.5,Expanding,NORMAL,NOT_ELIGIBLE,33.45,NOT_ELIGIBLE,4,ACH-ACT-001|ACH-EVD-001|ACH-LRN-001|ACH-TEAM-001,0,0,1,1,0,5,0,3,LED|OPR,0,1,{'baseline': 'ok'},,PASS
SYN-0111,Synthetic 111,WingPass,adult,ar,merit,1020,5,72.5,Gold,7,75.0|50.0|75.0|75.0|0.0|75.0|60.0|75.0,63.75,Pathfinder,81.67,81.67,1,1,52.0,Multi-Horizon,POSITIVE_STANDING,STANDARD_TEMPLATE_ELIGIBLE_FOR_REVIEW,72.65,NOT_ELIGIBLE,7,ACH-ACT-001|ACH-CAP-001|ACH-EVD-001|ACH-EVD-002|ACH-LRN-001|ACH-MST-001|ACH-TEAM-001,0,0,1,5,1,5,0,5,BLD|LED|OPR|PRT,1,1,{'baseline': 'ok'},,PASS
SYN-0112,Synthetic 112,MeritRoute,adult,ar,returning,515,3,63.33,Gold,6,50.0|0.0|0.0|55.0|50.0|85.0|80.0|60.0,45.0,Scout,86.67,49.0,0,0,43.75,Expanding,POSITIVE_STANDING,NOT_ELIGIBLE,55.45,NOT_ELIGIBLE,6,ACH-ACT-001|ACH-EVD-001|ACH-EVD-002|ACH-LRN-001|ACH-RET-001|ACH-TEAM-001,0,0,1,4,0,7,0,5,BLD|OPR|PRT,0,1,{'baseline': 'ok'},,PASS
SYN-0113,Synthetic 113,FlightPass,minor,ar,minor_ar,440,3,51.67,Silver,6,50.0|60.0|75.0|50.0|10.0|65.0|0.0|0.0,45.0,Scout,95.0,49.0,0,0,27.5,Expanding,POSITIVE_STANDING,NOT_ELIGIBLE,52.45,NOT_ELIGIBLE,4,ACH-ACT-001|ACH-EVD-001|ACH-LRN-001|ACH-TEAM-001,0,0,3,3,0,4,0,3,BLD|LED,0,1,{'baseline': 'ok'},,PASS
SYN-0114,Synthetic 114,Expedition,adult,ar,a11y_compressed,170,2,30.0,Bronze,4,40.0|60.0|0.0|0.0|40.0|0.0|40.0|0.0,22.5,Hatchling,66.67,49.0,0,0,22.5,Focused,NORMAL,NOT_ELIGIBLE,29.95,NOT_ELIGIBLE,3,ACH-ACT-001|ACH-EVD-001|ACH-LRN-001,0,0,0,1,0,2,0,2,OPR|PRT,0,1,{'baseline': 'ok'},,PASS
SYN-0115,Synthetic 115,WingPass,adult,ar,team_passenger,450,3,59.17,Silver,6,50.0|60.0|0.0|50.0|75.0|60.0|60.0|0.0,25.0,Hatchling,70.0,49.0,0,0,27.5,Expanding,NORMAL,NOT_ELIGIBLE,30.95,NOT_ELIGIBLE,3,ACH-ACT-001|ACH-EVD-001|ACH-LRN-001,0,0,0,1,0,6,0,3,BLD|OPR,0,1,{'full_mastery_from_team': 'no'},,PASS
SYN-0116,Synthetic 116,Expedition,adult,en,team_strong,1090,5,64.17,Gold,8,10.0|50.0|60.0|75.0|75.0|20.0|50.0|75.0,66.25,Specialist,83.33,83.33,1,1,57.0,Multi-Horizon,POSITIVE_STANDING,STANDARD_TEMPLATE_ELIGIBLE_FOR_REVIEW,81.65,NOT_ELIGIBLE,6,ACH-ACT-001|ACH-CAP-001|ACH-EVD-001|ACH-LIVE-001|ACH-MST-001|ACH-TEAM-001,0,0,5,3,1,4,0,6,BLD|LED|OPR|PRT,1,1,{'baseline': 'ok'},,PASS
SYN-0117,Synthetic 117,FlightPass,adult,en,integrity,645,4,74.17,Gold,8,50.0|85.0|75.0|75.0|85.0|50.0|50.0|75.0,45.0,Scout,90.0,49.0,0,0,50.0,Multi-Horizon,POSITIVE_STANDING,NOT_ELIGIBLE,56.7,NOT_ELIGIBLE,4,ACH-ACT-001|ACH-EVD-001|ACH-LRN-001|ACH-TEAM-001,0,0,1,4,0,6,0,5,BLD|LED|OPR|PRT,0,1,{'baseline': 'ok'},,PASS
SYN-0118,Synthetic 118,Expedition,adult,en,popular_weak,315,3,40.0,Bronze,5,50.0|10.0|0.0|60.0|60.0|60.0|0.0|0.0,12.5,Hatchling,0.0,0.0,0,0,32.5,Expanding,NORMAL,NOT_ELIGIBLE,22.5,NOT_ELIGIBLE,3,ACH-ACT-001|ACH-LRN-001|ACH-TEAM-001,0,0,4,0,0,4,0,4,BLD|LED,0,1,"{'mastery_from_popularity': 'no', 'prestige_from_popularity': 'no'}",,PASS
SYN-0119,Synthetic 119,FlightPass,adult,ar,steady,835,4,72.5,Gold,7,40.0|50.0|75.0|75.0|0.0|65.0|85.0|85.0,63.75,Pathfinder,81.67,81.67,1,1,57.0,Multi-Horizon,POSITIVE_STANDING,STANDARD_TEMPLATE_ELIGIBLE_FOR_REVIEW,68.9,NOT_ELIGIBLE,6,ACH-ACT-001|ACH-CAP-001|ACH-EVD-001|ACH-LRN-001|ACH-MST-001|ACH-TEAM-001,0,0,1,2,1,7,0,6,BLD|LED|OPR|PRT,1,1,{'baseline': 'ok'},,PASS
SYN-0120,Synthetic 120,FlightPass,adult,en,new,90,1,8.33,Iron,2,0.0|0.0|10.0|0.0|0.0|0.0|40.0|0.0,10.0,Hatchling,0.0,0.0,0,0,5.0,Focused,NORMAL,NOT_ELIGIBLE,9.5,NOT_ELIGIBLE,2,ACH-ACT-001|ACH-TEAM-001,0,0,1,0,0,1,0,1,LED,0,0,{'baseline': 'ok'},,PASS
SYN-0121,Synthetic 121,MeritRoute,adult,ar,steady,1055,5,65.0,Gold,7,65.0|50.0|50.0|85.0|0.0|75.0|65.0|50.0,63.75,Pathfinder,86.0,86.0,1,1,29.5,Expanding,POSITIVE_STANDING,PROGRESS_VISIBLE,69.45,NOT_ELIGIBLE,7,ACH-ACT-001|ACH-CAP-001|ACH-EVD-001|ACH-EVD-002|ACH-LRN-001|ACH-MST-001|ACH-TEAM-001,0,0,1,7,1,3,0,3,LED|OPR,1,1,{'baseline': 'ok'},,PASS
SYN-0122,Synthetic 122,Expedition,adult,ar,high_act_low_ev,680,4,58.33,Silver,7,50.0|60.0|60.0|70.0|0.0|40.0|50.0|60.0,12.5,Hatchling,0.0,0.0,0,0,75.0,Integrated,NORMAL,NOT_ELIGIBLE,23.5,NOT_ELIGIBLE,3,ACH-ACT-001|ACH-LRN-001|ACH-TEAM-001,0,0,1,0,0,16,0,10,BLD|LED|OPR|PRT,0,1,"{'high_xp': 'yes', 'route_proven': 'no', 'title': 'no', 'prestige': 'no', 'mastery_strong': 'no'}",,PASS
SYN-0123,Synthetic 123,Expedition,adult,en,low_act_high_ev,990,4,60.83,Gold,7,50.0|0.0|40.0|50.0|60.0|70.0|85.0|50.0,66.25,Specialist,100.0,100.0,1,1,29.5,Expanding,POSITIVE_STANDING,PROGRESS_VISIBLE,76.15,NOT_ELIGIBLE,6,ACH-ACT-001|ACH-CAP-001|ACH-EVD-001|ACH-LRN-001|ACH-MST-001|ACH-TEAM-001,0,0,2,7,1,1,0,3,BLD|OPR,1,1,"{'route_proven': 'possible', 'mastery_strong': 'possible', 'not_punished_for_efficiency': 'yes'}",,PASS
SYN-0124,Synthetic 124,WingPass,adult,ar,experienced,1165,5,78.33,Platinum,8,65.0|85.0|85.0|50.0|85.0|50.0|75.0|75.0,86.25,Vanguard,100.0,100.0,1,2,53.75,Multi-Horizon,POSITIVE_STANDING,STANDARD_TEMPLATE_ELIGIBLE_FOR_REVIEW,81.25,ELIGIBLE_ASCENDANT_NOMINATION,8,ACH-ACT-001|ACH-BRD-001|ACH-CAP-001|ACH-EVD-001|ACH-LRN-001|ACH-MST-001|ACH-SEX-001|ACH-TEAM-001,0,1,2,7,1,6,0,6,BLD|LED|OPR,1,1,{'baseline': 'ok'},,PASS
SYN-0125,Synthetic 125,WingPass,adult,en,new,40,1,21.67,Iron,3,0.0|40.0|50.0|0.0|0.0|0.0|40.0|0.0,5.0,Hatchling,0.0,0.0,0,0,27.5,Expanding,NORMAL,NOT_ELIGIBLE,11.5,NOT_ELIGIBLE,1,ACH-ACT-001,0,0,0,0,0,3,0,3,BLD|PRT,0,0,{'baseline': 'ok'},,PASS
SYN-0126,Synthetic 126,Expedition,adult,en,merit,890,4,69.17,Gold,6,0.0|0.0|40.0|90.0|75.0|85.0|75.0|50.0,58.75,Pathfinder,81.67,81.67,1,1,50.0,Multi-Horizon,NORMAL,STANDARD_TEMPLATE_ELIGIBLE_FOR_REVIEW,65.25,NOT_ELIGIBLE,6,ACH-ACT-001|ACH-CAP-001|ACH-EVD-001|ACH-EVD-002|ACH-LRN-001|ACH-MST-001,0,0,0,5,1,4,0,5,BLD|LED|OPR|PRT,1,1,{'baseline': 'ok'},,PASS
SYN-0127,Synthetic 127,WingPass,adult,en,returning,260,2,29.17,Iron,5,10.0|0.0|0.0|15.0|40.0|0.0|40.0|70.0,42.5,Scout,83.33,49.0,0,0,5.0,Focused,POSITIVE_STANDING,NOT_ELIGIBLE,42.95,NOT_ELIGIBLE,6,ACH-ACT-001|ACH-EVD-001|ACH-EVD-002|ACH-LRN-001|ACH-RET-001|ACH-TEAM-001,0,0,1,3,0,4,0,1,OPR,0,1,{'baseline': 'ok'},,PASS
SYN-0128,Synthetic 128,Expedition,minor,ar,minor_ar,110,2,25.83,Iron,3,0.0|65.0|0.0|0.0|40.0|50.0|0.0|0.0,22.5,Hatchling,66.67,49.0,0,0,22.5,Focused,NORMAL,NOT_ELIGIBLE,29.95,NOT_ELIGIBLE,2,ACH-ACT-001|ACH-EVD-001,0,0,0,1,0,2,0,2,BLD|OPR,0,0,{'baseline': 'ok'},,PASS
SYN-0129,Synthetic 129,OpenFlight,adult,en,a11y_compressed,390,3,52.5,Silver,6,40.0|60.0|0.0|75.0|50.0|0.0|40.0|50.0,37.5,Scout,83.33,49.0,0,0,22.5,Focused,NORMAL,NOT_ELIGIBLE,44.2,NOT_ELIGIBLE,3,ACH-ACT-001|ACH-EVD-001|ACH-LRN-001,0,0,0,4,0,2,0,2,BLD|PRT,0,1,{'baseline': 'ok'},,PASS
SYN-0130,Synthetic 130,FlightPass,adult,en,team_passenger,170,2,26.67,Iron,4,40.0|0.0|40.0|0.0|40.0|0.0|40.0|0.0,37.5,Scout,76.67,49.0,0,0,5.0,Focused,NORMAL,NOT_ELIGIBLE,31.2,NOT_ELIGIBLE,2,ACH-ACT-001|ACH-EVD-001,0,0,0,2,0,1,0,1,PRT,0,1,{'full_mastery_from_team': 'no'},,PASS
SYN-0131,Synthetic 131,FlightPass,adult,ar,team_strong,1220,5,65.0,Gold,8,10.0|40.0|60.0|60.0|10.0|70.0|75.0|85.0,66.25,Specialist,81.67,81.67,1,1,29.5,Expanding,POSITIVE_STANDING,PROGRESS_VISIBLE,75.65,NOT_ELIGIBLE,7,ACH-ACT-001|ACH-CAP-001|ACH-EVD-001|ACH-LIVE-001|ACH-LRN-001|ACH-MST-001|ACH-TEAM-001,0,0,7,4,1,3,0,3,BLD|OPR,1,1,{'baseline': 'ok'},,PASS
SYN-0132,Synthetic 132,MeritRoute,adult,en,integrity,410,3,54.17,Silver,7,65.0|60.0|0.0|50.0|60.0|50.0|10.0|40.0,30.0,Hatchling,70.0,49.0,0,0,32.5,Expanding,POSITIVE_STANDING,NOT_ELIGIBLE,43.95,NOT_ELIGIBLE,4,ACH-ACT-001|ACH-EVD-001|ACH-LRN-001|ACH-TEAM-001,0,0,3,1,0,4,0,4,LED|PRT,0,1,{'baseline': 'ok'},,PASS
SYN-0133,Synthetic 133,MeritRoute,adult,en,popular_weak,270,2,45.0,Silver,6,10.0|0.0|40.0|50.0|50.0|60.0|0.0|60.0,15.0,Hatchling,0.0,0.0,0,0,38.75,Expanding,NORMAL,NOT_ELIGIBLE,18.75,NOT_ELIGIBLE,3,ACH-ACT-001|ACH-LRN-001|ACH-TEAM-001,0,0,2,0,0,5,0,4,BLD|OPR|PRT,0,1,"{'mastery_from_popularity': 'no', 'prestige_from_popularity': 'no'}",,PASS
SYN-0134,Synthetic 134,Expedition,adult,ar,steady,1025,5,76.67,Platinum,7,40.0|85.0|85.0|75.0|0.0|65.0|90.0|60.0,58.75,Pathfinder,86.0,86.0,1,1,60.0,Multi-Horizon,NORMAL,STANDARD_TEMPLATE_ELIGIBLE_FOR_REVIEW,68.55,NOT_ELIGIBLE,6,ACH-ACT-001|ACH-CAP-001|ACH-EVD-001|ACH-EVD-002|ACH-LRN-001|ACH-MST-001,0,0,0,4,1,6,0,7,BLD|LED|OPR|PRT,1,1,{'baseline': 'ok'},,PASS
SYN-0135,Synthetic 135,WingPass,adult,ar,new,330,3,50.0,Silver,6,0.0|50.0|60.0|50.0|0.0|40.0|50.0|50.0,22.5,Hatchling,66.67,49.0,0,0,27.5,Expanding,NORMAL,NOT_ELIGIBLE,30.95,NOT_ELIGIBLE,3,ACH-ACT-001|ACH-EVD-001|ACH-LRN-001,0,0,0,1,0,4,0,3,BLD|LED,0,1,{'baseline': 'ok'},,PASS
SYN-0136,Synthetic 136,Expedition,adult,en,steady,1000,5,70.83,Gold,7,40.0|50.0|75.0|65.0|0.0|70.0|90.0|75.0,63.75,Pathfinder,83.33,83.33,1,1,40.75,Expanding,POSITIVE_STANDING,STANDARD_TEMPLATE_ELIGIBLE_FOR_REVIEW,70.9,NOT_ELIGIBLE,7,ACH-ACT-001|ACH-CAP-001|ACH-EVD-001|ACH-EVD-002|ACH-LRN-001|ACH-MST-001|ACH-TEAM-001,0,0,1,5,1,3,0,4,BLD|LED|OPR,1,1,{'baseline': 'ok'},,PASS
SYN-0137,Synthetic 137,Expedition,adult,en,high_act_low_ev,490,3,55.0,Silver,7,10.0|50.0|0.0|50.0|60.0|60.0|60.0|50.0,15.0,Hatchling,0.0,0.0,0,0,60.0,Multi-Horizon,NORMAL,NOT_ELIGIBLE,23.0,NOT_ELIGIBLE,3,ACH-ACT-001|ACH-LRN-001|ACH-TEAM-001,0,0,2,0,0,12,0,7,BLD|LED|OPR|PRT,0,1,"{'high_xp': 'yes', 'route_proven': 'no', 'title': 'no', 'prestige': 'no', 'mastery_strong': 'no'}",,PASS
SYN-0138,Synthetic 138,FlightPass,adult,ar,low_act_high_ev,920,4,55.0,Silver,8,40.0|60.0|50.0|50.0|50.0|50.0|70.0|50.0,61.25,Pathfinder,100.0,100.0,1,1,18.25,Focused,POSITIVE_STANDING,PROGRESS_VISIBLE,71.4,NOT_ELIGIBLE,4,ACH-CAP-001|ACH-EVD-001|ACH-MST-001|ACH-TEAM-001,0,0,1,8,1,0,0,2,OPR,1,1,"{'route_proven': 'possible', 'mastery_strong': 'possible', 'not_punished_for_efficiency': 'yes'}",,PASS
SYN-0139,Synthetic 139,FlightPass,adult,en,experienced,925,4,62.5,Gold,7,65.0|75.0|50.0|50.0|50.0|85.0|0.0|40.0,86.25,Vanguard,100.0,100.0,1,2,48.75,Expanding,POSITIVE_STANDING,STANDARD_TEMPLATE_ELIGIBLE_FOR_REVIEW,77.75,ELIGIBLE_ASCENDANT_NOMINATION,7,ACH-ACT-001|ACH-BRD-001|ACH-CAP-001|ACH-EVD-001|ACH-MST-001|ACH-SEX-001|ACH-TEAM-001,0,1,1,7,1,3,0,5,BLD|LED|OPR,1,1,{'baseline': 'ok'},,PASS
SYN-0140,Synthetic 140,FlightPass,adult,en,new,435,3,53.33,Silver,5,0.0|50.0|0.0|60.0|85.0|0.0|50.0|75.0,45.0,Scout,76.67,49.0,0,0,27.5,Expanding,POSITIVE_STANDING,NOT_ELIGIBLE,45.2,NOT_ELIGIBLE,4,ACH-ACT-001|ACH-EVD-001|ACH-LRN-001|ACH-TEAM-001,0,0,2,2,0,4,0,3,LED|PRT,0,1,{'baseline': 'ok'},,PASS
SYN-0141,Synthetic 141,FlightPass,adult,en,merit,1040,5,68.33,Gold,7,50.0|0.0|65.0|85.0|75.0|85.0|15.0|50.0,63.75,Pathfinder,81.67,81.67,1,1,45.75,Expanding,POSITIVE_STANDING,STANDARD_TEMPLATE_ELIGIBLE_FOR_REVIEW,71.4,NOT_ELIGIBLE,7,ACH-ACT-001|ACH-CAP-001|ACH-EVD-001|ACH-EVD-002|ACH-LRN-001|ACH-MST-001|ACH-TEAM-001,0,0,1,4,1,5,0,5,BLD|LED|OPR,1,1,{'baseline': 'ok'},,PASS
SYN-0142,Synthetic 142,Expedition,adult,ar,returning,530,3,56.67,Silver,6,85.0|0.0|0.0|65.0|50.0|60.0|15.0|65.0,47.5,Scout,83.33,49.0,0,0,27.5,Expanding,POSITIVE_STANDING,NOT_ELIGIBLE,59.45,NOT_ELIGIBLE,6,ACH-ACT-001|ACH-EVD-001|ACH-EVD-002|ACH-LRN-001|ACH-RET-001|ACH-TEAM-001,0,0,2,5,0,6,0,3,LED|OPR,0,1,{'baseline': 'ok'},,PASS
SYN-0143,Synthetic 143,FlightPass,minor,ar,minor_ar,505,3,59.17,Silver,8,40.0|60.0|50.0|10.0|50.0|85.0|60.0|50.0,45.0,Scout,80.0,49.0,0,0,38.75,Expanding,POSITIVE_STANDING,NOT_ELIGIBLE,47.45,NOT_ELIGIBLE,4,ACH-ACT-001|ACH-EVD-001|ACH-LRN-001|ACH-TEAM-001,0,0,2,2,0,4,0,4,BLD|LED|PRT,0,1,{'baseline': 'ok'},,PASS
SYN-0144,Synthetic 144,WingPass,adult,en,a11y_compressed,350,3,48.33,Silver,5,75.0|0.0|0.0|50.0|75.0|0.0|40.0|50.0,37.5,Scout,83.33,49.0,0,0,22.5,Focused,NORMAL,NOT_ELIGIBLE,39.45,NOT_ELIGIBLE,3,ACH-ACT-001|ACH-EVD-001|ACH-LRN-001,0,0,0,3,0,3,0,2,LED|PRT,0,1,{'baseline': 'ok'},,PASS
SYN-0145,Synthetic 145,MeritRoute,adult,en,team_passenger,180,2,36.67,Bronze,5,40.0|0.0|40.0|0.0|50.0|0.0|40.0|50.0,22.5,Hatchling,70.0,49.0,0,0,27.5,Expanding,NORMAL,NOT_ELIGIBLE,30.95,NOT_ELIGIBLE,3,ACH-ACT-001|ACH-EVD-001|ACH-LRN-001,0,0,0,1,0,4,0,3,LED|PRT,0,1,{'full_mastery_from_team': 'no'},,PASS
SYN-0146,Synthetic 146,MeritRoute,adult,en,team_strong,1260,5,61.67,Gold,8,50.0|70.0|20.0|50.0|60.0|80.0|60.0|50.0,66.25,Specialist,86.0,86.0,1,1,29.5,Expanding,POSITIVE_STANDING,PROGRESS_VISIBLE,76.95,NOT_ELIGIBLE,7,ACH-ACT-001|ACH-CAP-001|ACH-EVD-001|ACH-LIVE-001|ACH-LRN-001|ACH-MST-001|ACH-TEAM-001,0,0,6,6,1,1,0,3,LED|OPR,1,1,{'baseline': 'ok'},,PASS
SYN-0147,Synthetic 147,WingPass,adult,en,integrity,495,3,57.5,Silver,7,40.0|50.0|85.0|60.0|0.0|50.0|50.0|50.0,37.5,Scout,83.33,49.0,0,0,33.75,Expanding,NORMAL,NOT_ELIGIBLE,46.45,NOT_ELIGIBLE,3,ACH-ACT-001|ACH-EVD-001|ACH-LRN-001,0,0,0,4,0,3,0,3,BLD|LED|PRT,0,1,{'baseline': 'ok'},,PASS
SYN-0148,Synthetic 148,Expedition,adult,en,popular_weak,80,1,13.33,Iron,2,40.0|0.0|40.0|0.0|0.0|0.0|0.0|0.0,5.0,Hatchling,15.0,15.0,0,0,5.0,Focused,NORMAL,NOT_ELIGIBLE,11.5,NOT_ELIGIBLE,2,ACH-ACT-001|ACH-EVD-001,0,0,0,0,0,1,0,1,PRT,0,0,"{'mastery_from_popularity': 'no', 'prestige_from_popularity': 'no'}",,PASS
SYN-0149,Synthetic 149,OpenFlight,adult,ar,steady,905,4,66.67,Gold,7,65.0|50.0|85.0|85.0|0.0|40.0|35.0|75.0,58.75,Pathfinder,80.0,80.0,1,1,55.0,Multi-Horizon,NORMAL,STANDARD_TEMPLATE_ELIGIBLE_FOR_REVIEW,61.0,NOT_ELIGIBLE,6,ACH-ACT-001|ACH-CAP-001|ACH-EVD-001|ACH-EVD-002|ACH-LRN-001|ACH-MST-001,0,0,0,2,1,6,0,6,BLD|LED|OPR|PRT,1,1,{'baseline': 'ok'},,PASS
SYN-0150,Synthetic 150,Expedition,adult,ar,new,140,2,11.67,Iron,4,0.0|10.0|40.0|10.0|10.0|0.0|0.0|0.0,12.5,Hatchling,0.0,0.0,0,0,5.0,Focused,NORMAL,NOT_ELIGIBLE,14.5,NOT_ELIGIBLE,2,ACH-ACT-001|ACH-TEAM-001,0,0,3,0,0,1,0,1,LED,0,1,{'baseline': 'ok'},,PASS
SYN-0151,Synthetic 151,OpenFlight,adult,ar,steady,795,4,61.67,Gold,6,40.0|85.0|50.0|80.0|0.0|75.0|0.0|40.0,58.75,Pathfinder,81.67,81.67,1,1,43.75,Expanding,NORMAL,STANDARD_TEMPLATE_ELIGIBLE_FOR_REVIEW,64.0,NOT_ELIGIBLE,6,ACH-ACT-001|ACH-CAP-001|ACH-EVD-001|ACH-EVD-002|ACH-LRN-001|ACH-MST-001,0,0,0,3,1,5,0,5,BLD|OPR|PRT,1,1,{'baseline': 'ok'},,PASS
SYN-0152,Synthetic 152,FlightPass,adult,en,high_act_low_ev,500,3,40.0,Bronze,5,40.0|0.0|40.0|0.0|50.0|60.0|0.0|50.0,7.5,Hatchling,0.0,0.0,0,0,65.0,Multi-Horizon,NORMAL,NOT_ELIGIBLE,19.0,NOT_ELIGIBLE,2,ACH-ACT-001|ACH-LRN-001,0,0,0,0,0,12,0,8,BLD|LED|OPR|PRT,0,1,"{'high_xp': 'yes', 'route_proven': 'no', 'title': 'no', 'prestige': 'no', 'mastery_strong': 'no'}",,PASS
SYN-0153,Synthetic 153,FlightPass,adult,en,low_act_high_ev,940,4,59.17,Silver,8,40.0|50.0|60.0|50.0|50.0|70.0|75.0|50.0,63.75,Pathfinder,100.0,100.0,1,1,29.5,Expanding,POSITIVE_STANDING,PROGRESS_VISIBLE,73.65,NOT_ELIGIBLE,5,ACH-ACT-001|ACH-CAP-001|ACH-EVD-001|ACH-MST-001|ACH-TEAM-001,0,0,1,8,1,1,0,3,BLD|OPR,1,1,"{'route_proven': 'possible', 'mastery_strong': 'possible', 'not_punished_for_efficiency': 'yes'}",,PASS
SYN-0154,Synthetic 154,OpenFlight,adult,ar,experienced,1075,5,71.67,Gold,8,60.0|75.0|50.0|85.0|50.0|85.0|50.0|75.0,86.25,Vanguard,100.0,100.0,1,2,65.0,Multi-Horizon,POSITIVE_STANDING,STANDARD_TEMPLATE_ELIGIBLE_FOR_REVIEW,81.0,ELIGIBLE_ASCENDANT_NOMINATION,8,ACH-ACT-001|ACH-BRD-001|ACH-CAP-001|ACH-EVD-001|ACH-LRN-001|ACH-MST-001|ACH-SEX-001|ACH-TEAM-001,0,1,1,7,1,5,0,7,BLD|LED|OPR|PRT,1,1,{'baseline': 'ok'},,PASS
SYN-0155,Synthetic 155,MeritRoute,adult,en,new,150,2,27.5,Iron,4,40.0|0.0|40.0|75.0|0.0|0.0|0.0|10.0,27.5,Hatchling,66.67,49.0,0,0,16.25,Focused,POSITIVE_STANDING,NOT_ELIGIBLE,35.7,NOT_ELIGIBLE,3,ACH-ACT-001|ACH-EVD-001|ACH-TEAM-001,0,0,1,1,0,2,0,2,BLD,0,1,{'baseline': 'ok'},,PASS
SYN-0156,Synthetic 156,FlightPass,adult,en,merit,970,4,69.17,Gold,8,40.0|50.0|60.0|50.0|60.0|70.0|90.0|85.0,63.75,Pathfinder,81.67,81.67,1,1,62.0,Multi-Horizon,POSITIVE_STANDING,STANDARD_TEMPLATE_ELIGIBLE_FOR_REVIEW,74.65,NOT_ELIGIBLE,7,ACH-ACT-001|ACH-CAP-001|ACH-EVD-001|ACH-EVD-002|ACH-LRN-001|ACH-MST-001|ACH-TEAM-001,0,0,1,3,1,6,0,7,BLD|LED|OPR|PRT,1,1,{'baseline': 'ok'},,PASS
SYN-0157,Synthetic 157,OpenFlight,adult,ar,returning,340,3,41.67,Bronze,5,10.0|0.0|0.0|55.0|50.0|60.0|0.0|75.0,42.5,Scout,86.67,49.0,0,0,22.5,Focused,POSITIVE_STANDING,NOT_ELIGIBLE,51.2,NOT_ELIGIBLE,6,ACH-ACT-001|ACH-EVD-001|ACH-EVD-002|ACH-LRN-001|ACH-RET-001|ACH-TEAM-001,0,0,1,4,0,4,0,2,BLD|OPR,0,1,{'baseline': 'ok'},,PASS
SYN-0158,Synthetic 158,Expedition,minor,ar,minor_ar,370,3,62.5,Gold,6,0.0|40.0|85.0|50.0|50.0|75.0|75.0|0.0,45.0,Scout,80.0,49.0,0,0,45.0,Expanding,POSITIVE_STANDING,NOT_ELIGIBLE,46.2,NOT_ELIGIBLE,4,ACH-ACT-001|ACH-EVD-001|ACH-LRN-001|ACH-TEAM-001,0,0,1,2,0,5,0,4,BLD|LED|OPR|PRT,0,1,{'baseline': 'ok'},,PASS
SYN-0159,Synthetic 159,Expedition,adult,en,a11y_compressed,340,3,42.5,Bronze,4,40.0|0.0|0.0|0.0|65.0|0.0|65.0|85.0,37.5,Scout,95.0,49.0,0,0,33.75,Expanding,NORMAL,NOT_ELIGIBLE,46.45,NOT_ELIGIBLE,3,ACH-ACT-001|ACH-EVD-001|ACH-LRN-001,0,0,0,4,0,3,0,3,BLD|LED|OPR,0,1,{'baseline': 'ok'},,PASS
SYN-0160,Synthetic 160,OpenFlight,adult,en,team_passenger,305,3,37.5,Bronze,4,50.0|0.0|50.0|50.0|75.0|0.0|0.0|0.0,37.5,Scout,85.0,49.0,0,0,33.75,Expanding,NORMAL,NOT_ELIGIBLE,36.95,NOT_ELIGIBLE,3,ACH-ACT-001|ACH-EVD-001|ACH-LRN-001,0,0,0,2,0,3,0,3,BLD|LED|OPR,0,1,{'full_mastery_from_team': 'no'},,PASS
SYN-0161,Synthetic 161,MeritRoute,adult,en,team_strong,1185,5,64.17,Gold,8,65.0|60.0|10.0|10.0|40.0|85.0|75.0|60.0,66.25,Specialist,81.67,81.67,1,1,45.75,Expanding,POSITIVE_STANDING,STANDARD_TEMPLATE_ELIGIBLE_FOR_REVIEW,78.9,NOT_ELIGIBLE,6,ACH-ACT-001|ACH-CAP-001|ACH-EVD-001|ACH-LIVE-001|ACH-MST-001|ACH-TEAM-001,0,0,7,3,1,5,0,5,BLD|LED|OPR,1,1,{'baseline': 'ok'},,PASS
SYN-0162,Synthetic 162,OpenFlight,adult,ar,integrity,400,3,60.0,Gold,5,40.0|85.0|85.0|85.0|0.0|65.0|0.0|0.0,40.0,Scout,80.0,49.0,0,0,33.75,Expanding,NORMAL,NOT_ELIGIBLE,36.95,NOT_ELIGIBLE,3,ACH-ACT-001|ACH-EVD-001|ACH-LRN-001,0,0,0,2,0,5,0,3,BLD|LED|OPR,0,1,{'baseline': 'ok'},,PASS
SYN-0163,Synthetic 163,Expedition,adult,en,popular_weak,145,2,23.33,Iron,3,50.0|0.0|50.0|0.0|0.0|0.0|40.0|0.0,5.0,Hatchling,0.0,0.0,0,0,27.5,Expanding,NORMAL,NOT_ELIGIBLE,11.5,NOT_ELIGIBLE,2,ACH-ACT-001|ACH-LRN-001,0,0,0,0,0,3,0,3,BLD|PRT,0,0,"{'mastery_from_popularity': 'no', 'prestige_from_popularity': 'no'}",,PASS
SYN-0164,Synthetic 164,OpenFlight,adult,en,steady,810,4,57.5,Silver,5,75.0|50.0|85.0|70.0|0.0|65.0|0.0|0.0,63.75,Pathfinder,78.33,78.33,1,1,45.75,Expanding,POSITIVE_STANDING,STANDARD_TEMPLATE_ELIGIBLE_FOR_REVIEW,65.65,NOT_ELIGIBLE,6,ACH-ACT-001|ACH-CAP-001|ACH-EVD-001|ACH-LRN-001|ACH-MST-001|ACH-TEAM-001,0,0,1,2,1,4,0,5,BLD|OPR|PRT,1,1,{'baseline': 'ok'},,PASS
SYN-0165,Synthetic 165,WingPass,adult,ar,new,250,2,39.17,Bronze,4,0.0|0.0|50.0|0.0|75.0|50.0|60.0|0.0,22.5,Hatchling,66.67,49.0,0,0,22.5,Focused,NORMAL,NOT_ELIGIBLE,29.95,NOT_ELIGIBLE,3,ACH-ACT-001|ACH-EVD-001|ACH-LRN-001,0,0,0,1,0,3,0,2,LED|PRT,0,1,{'baseline': 'ok'},,PASS
SYN-0166,Synthetic 166,MeritRoute,adult,en,steady,1010,5,73.33,Gold,6,75.0|50.0|70.0|85.0|0.0|75.0|85.0|0.0,63.75,Pathfinder,81.67,81.67,1,1,52.0,Multi-Horizon,POSITIVE_STANDING,STANDARD_TEMPLATE_ELIGIBLE_FOR_REVIEW,72.65,NOT_ELIGIBLE,6,ACH-ACT-001|ACH-CAP-001|ACH-EVD-001|ACH-LRN-001|ACH-MST-001|ACH-TEAM-001,0,0,1,3,1,6,0,5,BLD|LED|OPR|PRT,1,1,{'baseline': 'ok'},,PASS
SYN-0167,Synthetic 167,FlightPass,adult,en,high_act_low_ev,590,3,56.67,Silver,8,40.0|50.0|50.0|60.0|60.0|50.0|60.0|60.0,7.5,Hatchling,0.0,0.0,0,0,70.0,Integrated,NORMAL,NOT_ELIGIBLE,20.0,NOT_ELIGIBLE,2,ACH-ACT-001|ACH-LRN-001,0,0,0,0,0,18,0,9,BLD|LED|OPR|PRT,0,1,"{'high_xp': 'yes', 'route_proven': 'no', 'title': 'no', 'prestige': 'no', 'mastery_strong': 'no'}",,PASS
SYN-0168,Synthetic 168,MeritRoute,adult,en,low_act_high_ev,970,4,57.5,Silver,8,65.0|60.0|50.0|50.0|50.0|70.0|50.0|50.0,63.75,Pathfinder,100.0,100.0,1,1,29.5,Expanding,POSITIVE_STANDING,PROGRESS_VISIBLE,73.65,NOT_ELIGIBLE,5,ACH-ACT-001|ACH-CAP-001|ACH-EVD-001|ACH-MST-001|ACH-TEAM-001,0,0,1,8,1,1,0,3,BLD|OPR,1,1,"{'route_proven': 'possible', 'mastery_strong': 'possible', 'not_punished_for_efficiency': 'yes'}",,PASS
SYN-0169,Synthetic 169,FlightPass,adult,ar,experienced,1205,5,77.5,Platinum,8,65.0|75.0|85.0|75.0|85.0|75.0|70.0|50.0,86.25,Specialist,100.0,100.0,1,2,63.0,Multi-Horizon,NORMAL,STANDARD_TEMPLATE_ELIGIBLE_FOR_REVIEW,73.6,NOT_ELIGIBLE,7,ACH-ACT-001|ACH-BRD-001|ACH-CAP-001|ACH-EVD-001|ACH-LRN-001|ACH-MST-001|ACH-SEX-001,0,1,0,8,1,6,0,7,BLD|LED|OPR|PRT,1,1,{'baseline': 'ok'},,PASS
SYN-0170,Synthetic 170,WingPass,adult,en,new,495,3,58.33,Silver,6,40.0|0.0|75.0|85.0|0.0|50.0|50.0|50.0,37.5,Scout,83.33,49.0,0,0,27.5,Expanding,NORMAL,NOT_ELIGIBLE,45.2,NOT_ELIGIBLE,3,ACH-ACT-001|ACH-EVD-001|ACH-LRN-001,0,0,0,4,0,3,0,3,OPR|PRT,0,1,{'baseline': 'ok'},,PASS
SYN-0171,Synthetic 171,Expedition,adult,en,merit,1015,5,70.0,Gold,8,75.0|85.0|50.0|65.0|50.0|70.0|65.0|60.0,63.75,Pathfinder,86.0,86.0,1,1,40.75,Expanding,POSITIVE_STANDING,STANDARD_TEMPLATE_ELIGIBLE_FOR_REVIEW,71.7,NOT_ELIGIBLE,7,ACH-ACT-001|ACH-CAP-001|ACH-EVD-001|ACH-EVD-002|ACH-LRN-001|ACH-MST-001|ACH-TEAM-001,0,0,1,6,1,4,0,4,BLD|OPR|PRT,1,1,{'baseline': 'ok'},,PASS
SYN-0172,Synthetic 172,WingPass,adult,ar,returning,280,2,37.5,Bronze,6,60.0|0.0|0.0|15.0|10.0|40.0|50.0|50.0,42.5,Scout,86.67,49.0,0,0,5.0,Focused,POSITIVE_STANDING,NOT_ELIGIBLE,42.95,NOT_ELIGIBLE,6,ACH-ACT-001|ACH-EVD-001|ACH-EVD-002|ACH-LRN-001|ACH-RET-001|ACH-TEAM-001,0,0,1,3,0,4,0,1,OPR,0,1,{'baseline': 'ok'},,PASS
SYN-0173,Synthetic 173,WingPass,minor,ar,minor_ar,485,3,62.5,Gold,6,75.0|0.0|75.0|60.0|0.0|40.0|50.0|75.0,42.5,Scout,86.67,49.0,0,0,33.75,Expanding,POSITIVE_STANDING,NOT_ELIGIBLE,53.45,NOT_ELIGIBLE,4,ACH-ACT-001|ACH-EVD-001|ACH-LRN-001|ACH-TEAM-001,0,0,1,4,0,3,0,3,BLD|LED|OPR,0,1,{'baseline': 'ok'},,PASS
SYN-0174,Synthetic 174,FlightPass,adult,ar,a11y_compressed,330,3,41.67,Bronze,4,40.0|0.0|0.0|75.0|85.0|0.0|0.0|50.0,37.5,Scout,76.67,49.0,0,0,33.75,Expanding,NORMAL,NOT_ELIGIBLE,36.95,NOT_ELIGIBLE,3,ACH-ACT-001|ACH-EVD-001|ACH-LRN-001,0,0,0,2,0,3,0,3,LED|OPR|PRT,0,1,{'baseline': 'ok'},,PASS
SYN-0175,Synthetic 175,OpenFlight,adult,en,team_passenger,185,2,26.67,Iron,3,50.0|60.0|0.0|0.0|0.0|50.0|0.0|0.0,5.0,Hatchling,0.0,0.0,0,0,33.75,Expanding,NORMAL,NOT_ELIGIBLE,12.75,NOT_ELIGIBLE,2,ACH-ACT-001|ACH-LRN-001,0,0,0,0,0,3,0,3,LED|OPR|PRT,0,0,{'full_mastery_from_team': 'no'},,PASS
SYN-0176,Synthetic 176,WingPass,adult,en,team_strong,1185,5,60.0,Gold,8,20.0|10.0|20.0|50.0|60.0|60.0|85.0|85.0,66.25,Specialist,86.0,86.0,1,1,40.75,Expanding,POSITIVE_STANDING,STANDARD_TEMPLATE_ELIGIBLE_FOR_REVIEW,79.2,NOT_ELIGIBLE,7,ACH-ACT-001|ACH-CAP-001|ACH-EVD-001|ACH-LIVE-001|ACH-LRN-001|ACH-MST-001|ACH-TEAM-001,0,0,8,4,1,3,0,4,LED|OPR|PRT,1,1,{'baseline': 'ok'},,PASS
SYN-0177,Synthetic 177,Expedition,adult,en,integrity,370,3,50.83,Silver,6,65.0|60.0|50.0|50.0|0.0|40.0|0.0|40.0,37.5,Scout,95.0,49.0,0,0,27.5,Expanding,NORMAL,NOT_ELIGIBLE,45.2,NOT_ELIGIBLE,3,ACH-ACT-001|ACH-EVD-001|ACH-LRN-001,0,0,0,4,0,3,0,3,BLD|LED,0,1,{'baseline': 'ok'},,PASS
SYN-0178,Synthetic 178,Expedition,adult,en,popular_weak,285,2,35.83,Bronze,5,0.0|65.0|60.0|10.0|0.0|40.0|0.0|40.0,27.5,Hatchling,70.0,49.0,0,0,38.75,Expanding,NORMAL,NOT_ELIGIBLE,35.7,NOT_ELIGIBLE,4,ACH-ACT-001|ACH-EVD-001|ACH-LRN-001|ACH-TEAM-001,0,0,1,1,0,4,0,4,BLD|OPR|PRT,0,1,"{'mastery_from_popularity': 'no', 'prestige_from_popularity': 'no'}",,PASS
SYN-0179,Synthetic 179,WingPass,adult,en,steady,1030,5,68.33,Gold,6,50.0|0.0|65.0|90.0|0.0|75.0|80.0|50.0,58.75,Pathfinder,86.0,86.0,1,1,37.5,Expanding,NORMAL,PROGRESS_VISIBLE,64.05,NOT_ELIGIBLE,6,ACH-ACT-001|ACH-CAP-001|ACH-EVD-001|ACH-EVD-002|ACH-LRN-001|ACH-MST-001,0,0,0,5,1,5,0,5,OPR|PRT,1,1,{'baseline': 'ok'},,PASS
SYN-0180,Synthetic 180,WingPass,adult,ar,new,250,2,27.5,Iron,3,0.0|0.0|0.0|40.0|75.0|0.0|50.0|0.0,27.5,Hatchling,70.0,49.0,0,0,33.75,Expanding,NORMAL,NOT_ELIGIBLE,34.7,NOT_ELIGIBLE,4,ACH-ACT-001|ACH-EVD-001|ACH-LRN-001|ACH-TEAM-001,0,0,1,1,0,3,0,3,BLD|OPR|PRT,0,0,{'baseline': 'ok'},,PASS
SYN-0181,Synthetic 181,WingPass,adult,ar,steady,750,4,57.5,Silver,6,65.0|50.0|50.0|65.0|0.0|75.0|0.0|40.0,58.75,Pathfinder,78.33,78.33,1,1,38.75,Expanding,NORMAL,PROGRESS_VISIBLE,57.25,NOT_ELIGIBLE,5,ACH-ACT-001|ACH-CAP-001|ACH-EVD-001|ACH-EVD-002|ACH-MST-001,0,0,0,2,1,5,0,4,BLD|LED|OPR,1,1,{'baseline': 'ok'},,PASS
SYN-0182,Synthetic 182,FlightPass,adult,en,high_act_low_ev,890,4,61.67,Gold,8,60.0|50.0|70.0|60.0|60.0|60.0|60.0|60.0,15.0,Hatchling,0.0,0.0,0,0,65.0,Multi-Horizon,NORMAL,NOT_ELIGIBLE,24.0,NOT_ELIGIBLE,3,ACH-ACT-001|ACH-LRN-001|ACH-TEAM-001,0,0,2,0,0,18,0,8,BLD|LED|OPR|PRT,0,1,"{'high_xp': 'yes', 'route_proven': 'no', 'title': 'no', 'prestige': 'no', 'mastery_strong': 'no'}",,PASS
SYN-0183,Synthetic 183,WingPass,adult,ar,low_act_high_ev,1035,5,60.83,Gold,8,75.0|50.0|50.0|60.0|50.0|60.0|70.0|50.0,66.25,Specialist,100.0,100.0,1,1,29.5,Expanding,POSITIVE_STANDING,PROGRESS_VISIBLE,76.15,NOT_ELIGIBLE,6,ACH-ACT-001|ACH-CAP-001|ACH-EVD-001|ACH-LRN-001|ACH-MST-001|ACH-TEAM-001,0,0,2,8,1,1,0,3,LED|OPR,1,1,"{'route_proven': 'possible', 'mastery_strong': 'possible', 'not_punished_for_efficiency': 'yes'}",,PASS
SYN-0184,Synthetic 184,Expedition,adult,en,experienced,1045,5,71.67,Gold,8,65.0|75.0|60.0|50.0|60.0|70.0|85.0|75.0,86.25,Vanguard,100.0,100.0,1,2,48.75,Expanding,POSITIVE_STANDING,STANDARD_TEMPLATE_ELIGIBLE_FOR_REVIEW,77.75,ELIGIBLE_ASCENDANT_NOMINATION,8,ACH-ACT-001|ACH-BRD-001|ACH-CAP-001|ACH-EVD-001|ACH-LRN-001|ACH-MST-001|ACH-SEX-001|ACH-TEAM-001,0,1,1,7,1,5,0,5,BLD|LED|OPR,1,1,{'baseline': 'ok'},,PASS
SYN-0185,Synthetic 185,WingPass,adult,en,new,160,2,23.33,Iron,4,0.0|0.0|40.0|50.0|0.0|40.0|0.0|10.0,27.5,Hatchling,70.0,49.0,0,0,22.5,Focused,NORMAL,NOT_ELIGIBLE,32.45,NOT_ELIGIBLE,3,ACH-ACT-001|ACH-EVD-001|ACH-TEAM-001,0,0,1,1,0,2,0,2,BLD|OPR,0,1,{'baseline': 'ok'},,PASS
SYN-0186,Synthetic 186,MeritRoute,adult,ar,merit,665,4,74.17,Gold,8,40.0|75.0|85.0|75.0|60.0|50.0|75.0|75.0,47.5,Scout,86.67,49.0,0,0,43.75,Expanding,POSITIVE_STANDING,NOT_ELIGIBLE,62.7,NOT_ELIGIBLE,5,ACH-ACT-001|ACH-EVD-001|ACH-EVD-002|ACH-LRN-001|ACH-TEAM-001,0,0,2,5,0,5,0,5,LED|OPR|PRT,0,1,{'baseline': 'ok'},,PASS
SYN-0187,Synthetic 187,Expedition,adult,ar,returning,270,2,40.83,Bronze,4,50.0|0.0|0.0|65.0|0.0|65.0|0.0|65.0,40.0,Scout,86.67,49.0,0,0,27.5,Expanding,POSITIVE_STANDING,NOT_ELIGIBLE,44.95,NOT_ELIGIBLE,5,ACH-ACT-001|ACH-EVD-001|ACH-EVD-002|ACH-LRN-001|ACH-RET-001,0,0,0,3,0,6,0,3,LED|OPR,0,1,{'baseline': 'ok'},,PASS
SYN-0188,Synthetic 188,FlightPass,minor,ar,minor_ar,475,3,54.17,Silver,6,0.0|65.0|10.0|65.0|60.0|85.0|0.0|40.0,47.5,Scout,76.67,49.0,0,0,38.75,Expanding,POSITIVE_STANDING,NOT_ELIGIBLE,47.45,NOT_ELIGIBLE,4,ACH-ACT-001|ACH-EVD-001|ACH-LRN-001|ACH-TEAM-001,0,0,2,2,0,5,0,4,BLD|LED|PRT,0,1,{'baseline': 'ok'},,PASS
SYN-0189,Synthetic 189,MeritRoute,adult,en,a11y_compressed,400,3,40.0,Bronze,5,0.0|40.0|0.0|65.0|10.0|0.0|75.0|50.0,45.0,Scout,95.0,49.0,0,0,27.5,Expanding,POSITIVE_STANDING,NOT_ELIGIBLE,52.45,NOT_ELIGIBLE,4,ACH-ACT-001|ACH-EVD-001|ACH-LRN-001|ACH-TEAM-001,0,0,3,3,0,3,0,3,OPR|PRT,0,1,{'baseline': 'ok'},,PASS
SYN-0190,Synthetic 190,FlightPass,adult,en,team_passenger,140,2,17.5,Iron,2,0.0|0.0|0.0|65.0|0.0|0.0|40.0|0.0,37.5,Scout,85.0,49.0,0,0,5.0,Focused,NORMAL,NOT_ELIGIBLE,31.2,NOT_ELIGIBLE,2,ACH-ACT-001|ACH-EVD-001,0,0,0,2,0,1,0,1,BLD,0,0,{'full_mastery_from_team': 'no'},,PASS
SYN-0191,Synthetic 191,FlightPass,adult,en,team_strong,1335,5,70.83,Gold,8,50.0|60.0|60.0|70.0|70.0|80.0|85.0|60.0,66.25,Specialist,86.0,86.0,1,1,45.75,Expanding,POSITIVE_STANDING,STANDARD_TEMPLATE_ELIGIBLE_FOR_REVIEW,80.2,NOT_ELIGIBLE,7,ACH-ACT-001|ACH-CAP-001|ACH-EVD-001|ACH-LIVE-001|ACH-LRN-001|ACH-MST-001|ACH-TEAM-001,0,0,7,5,1,4,0,5,BLD|OPR|PRT,1,1,{'baseline': 'ok'},,PASS
SYN-0192,Synthetic 192,OpenFlight,adult,ar,integrity,360,3,53.33,Silver,7,0.0|40.0|50.0|50.0|50.0|50.0|50.0|70.0,42.5,Scout,95.0,49.0,0,0,33.75,Expanding,POSITIVE_STANDING,NOT_ELIGIBLE,48.7,NOT_ELIGIBLE,4,ACH-ACT-001|ACH-EVD-001|ACH-LRN-001|ACH-TEAM-001,0,0,1,3,0,4,0,3,BLD|LED|OPR,0,1,{'baseline': 'ok'},,PASS
SYN-0193,Synthetic 193,MeritRoute,adult,en,popular_weak,215,2,39.17,Bronze,4,0.0|40.0|70.0|75.0|50.0|0.0|0.0|0.0,27.5,Hatchling,70.0,49.0,0,0,32.5,Expanding,NORMAL,NOT_ELIGIBLE,34.45,NOT_ELIGIBLE,4,ACH-ACT-001|ACH-EVD-001|ACH-LRN-001|ACH-TEAM-001,0,0,1,1,0,4,0,4,BLD|OPR,0,1,"{'mastery_from_popularity': 'no', 'prestige_from_popularity': 'no'}",,PASS
SYN-0194,Synthetic 194,WingPass,adult,en,steady,810,4,55.0,Silver,6,75.0|50.0|50.0|80.0|0.0|60.0|15.0|0.0,58.75,Pathfinder,81.67,81.67,1,1,43.75,Expanding,NORMAL,STANDARD_TEMPLATE_ELIGIBLE_FOR_REVIEW,64.0,NOT_ELIGIBLE,6,ACH-ACT-001|ACH-CAP-001|ACH-EVD-001|ACH-EVD-002|ACH-LRN-001|ACH-MST-001,0,0,0,3,1,3,0,5,BLD|LED|OPR,1,1,{'baseline': 'ok'},,PASS
SYN-0195,Synthetic 195,WingPass,adult,en,new,110,2,23.33,Iron,4,40.0|50.0|0.0|0.0|10.0|0.0|0.0|40.0,10.0,Hatchling,30.0,30.0,0,0,5.0,Focused,POSITIVE_STANDING,NOT_ELIGIBLE,23.0,NOT_ELIGIBLE,3,ACH-ACT-001|ACH-EVD-001|ACH-TEAM-001,0,0,1,0,0,1,0,1,LED,0,1,{'baseline': 'ok'},,PASS
SYN-0196,Synthetic 196,FlightPass,adult,ar,steady,950,4,75.0,Platinum,7,75.0|50.0|75.0|75.0|0.0|75.0|65.0|85.0,58.75,Pathfinder,85.0,85.0,1,1,43.75,Expanding,NORMAL,STANDARD_TEMPLATE_ELIGIBLE_FOR_REVIEW,65.0,NOT_ELIGIBLE,6,ACH-ACT-001|ACH-CAP-001|ACH-EVD-001|ACH-EVD-002|ACH-LRN-001|ACH-MST-001,0,0,0,3,1,5,0,5,BLD|OPR|PRT,1,1,{'baseline': 'ok'},,PASS
SYN-0197,Synthetic 197,OpenFlight,adult,en,high_act_low_ev,680,4,58.33,Silver,8,50.0|60.0|60.0|50.0|60.0|60.0|60.0|50.0,15.0,Hatchling,0.0,0.0,0,0,70.0,Integrated,NORMAL,NOT_ELIGIBLE,27.5,NOT_ELIGIBLE,3,ACH-ACT-001|ACH-LRN-001|ACH-TEAM-001,0,0,3,0,0,18,0,9,BLD|LED|OPR|PRT,0,1,"{'high_xp': 'yes', 'route_proven': 'no', 'title': 'no', 'prestige': 'no', 'mastery_strong': 'no'}",,PASS
SYN-0198,Synthetic 198,OpenFlight,adult,en,low_act_high_ev,890,4,53.33,Silver,8,50.0|10.0|40.0|50.0|50.0|70.0|50.0|50.0,66.25,Specialist,100.0,100.0,1,1,29.5,Expanding,POSITIVE_STANDING,PROGRESS_VISIBLE,76.15,NOT_ELIGIBLE,5,ACH-ACT-001|ACH-CAP-001|ACH-EVD-001|ACH-MST-001|ACH-TEAM-001,0,0,2,6,1,1,0,3,LED|OPR,1,1,"{'route_proven': 'possible', 'mastery_strong': 'possible', 'not_punished_for_efficiency': 'yes'}",,PASS
SYN-0199,Synthetic 199,Expedition,adult,ar,experienced,965,4,70.83,Gold,7,0.0|40.0|75.0|75.0|60.0|70.0|60.0|85.0,86.25,Specialist,100.0,100.0,1,2,68.0,Multi-Horizon,NORMAL,STANDARD_TEMPLATE_ELIGIBLE_FOR_REVIEW,74.6,NOT_ELIGIBLE,7,ACH-ACT-001|ACH-BRD-001|ACH-CAP-001|ACH-EVD-001|ACH-LRN-001|ACH-MST-001|ACH-SEX-001,0,1,0,5,1,5,0,8,BLD|LED|OPR|PRT,1,1,{'baseline': 'ok'},,PASS
SYN-0200,Synthetic 200,FlightPass,adult,en,new,330,3,30.0,Iron,3,50.0|0.0|0.0|65.0|0.0|0.0|0.0|65.0,30.0,Hatchling,66.67,49.0,0,0,27.5,Expanding,POSITIVE_STANDING,NOT_ELIGIBLE,40.45,NOT_ELIGIBLE,4,ACH-ACT-001|ACH-EVD-001|ACH-LRN-001|ACH-TEAM-001,0,0,2,1,0,3,0,3,BLD|PRT,0,0,{'baseline': 'ok'},,PASS
SYN-0201,Synthetic 201,WingPass,adult,en,merit,865,4,51.67,Silver,6,65.0|0.0|50.0|0.0|50.0|20.0|40.0|85.0,63.75,Pathfinder,86.0,86.0,1,1,45.75,Expanding,POSITIVE_STANDING,STANDARD_TEMPLATE_ELIGIBLE_FOR_REVIEW,72.7,NOT_ELIGIBLE,6,ACH-ACT-001|ACH-CAP-001|ACH-EVD-001|ACH-LRN-001|ACH-MST-001|ACH-TEAM-001,0,0,1,4,1,3,0,5,LED|OPR|PRT,1,1,{'baseline': 'ok'},,PASS
SYN-0202,Synthetic 202,WingPass,adult,en,returning,280,2,39.17,Bronze,5,10.0|0.0|0.0|0.0|75.0|50.0|50.0|50.0,37.5,Scout,86.67,49.0,0,0,22.5,Focused,POSITIVE_STANDING,NOT_ELIGIBLE,48.7,NOT_ELIGIBLE,4,ACH-ACT-001|ACH-EVD-001|ACH-LRN-001|ACH-RET-001,0,0,0,4,0,4,0,2,LED|OPR,0,1,{'baseline': 'ok'},,PASS
SYN-0203,Synthetic 203,FlightPass,minor,ar,minor_ar,340,3,40.83,Bronze,5,0.0|50.0|0.0|10.0|0.0|40.0|85.0|60.0,30.0,Hatchling,66.67,49.0,0,0,33.75,Expanding,POSITIVE_STANDING,NOT_ELIGIBLE,41.7,NOT_ELIGIBLE,4,ACH-ACT-001|ACH-EVD-001|ACH-LRN-001|ACH-TEAM-001,0,0,2,1,0,3,0,3,BLD|LED|OPR,0,1,{'baseline': 'ok'},,PASS
SYN-0204,Synthetic 204,MeritRoute,adult,en,a11y_compressed,360,3,40.83,Bronze,5,50.0|85.0|0.0|10.0|0.0|0.0|40.0|60.0,45.0,Scout,80.0,49.0,0,0,5.0,Focused,POSITIVE_STANDING,NOT_ELIGIBLE,43.2,NOT_ELIGIBLE,4,ACH-ACT-001|ACH-EVD-001|ACH-LRN-001|ACH-TEAM-001,0,0,3,2,0,1,0,1,PRT,0,1,{'baseline': 'ok'},,PASS
SYN-0205,Synthetic 205,WingPass,adult,en,team_passenger,75,1,21.67,Iron,3,40.0|0.0|0.0|0.0|40.0|50.0|0.0|0.0,5.0,Hatchling,15.0,15.0,0,0,22.5,Focused,NORMAL,NOT_ELIGIBLE,15.0,NOT_ELIGIBLE,2,ACH-ACT-001|ACH-EVD-001,0,0,0,0,0,2,0,2,OPR|PRT,0,0,{'full_mastery_from_team': 'no'},,PASS
SYN-0206,Synthetic 206,Expedition,adult,ar,team_strong,1210,5,60.83,Gold,8,65.0|10.0|60.0|75.0|85.0|40.0|40.0|20.0,66.25,Specialist,86.0,86.0,1,1,29.5,Expanding,POSITIVE_STANDING,PROGRESS_VISIBLE,76.95,NOT_ELIGIBLE,7,ACH-ACT-001|ACH-CAP-001|ACH-EVD-001|ACH-LIVE-001|ACH-LRN-001|ACH-MST-001|ACH-TEAM-001,0,0,7,3,1,5,0,3,OPR|PRT,1,1,{'baseline': 'ok'},,PASS
SYN-0207,Synthetic 207,WingPass,adult,en,integrity,665,4,65.0,Gold,8,75.0|50.0|85.0|60.0|60.0|50.0|60.0|50.0,47.5,Scout,95.0,49.0,0,0,27.5,Expanding,POSITIVE_STANDING,NOT_ELIGIBLE,59.45,NOT_ELIGIBLE,4,ACH-ACT-001|ACH-EVD-001|ACH-LRN-001|ACH-TEAM-001,0,0,2,5,0,5,0,3,LED|PRT,0,1,{'baseline': 'ok'},,PASS
SYN-0208,Synthetic 208,FlightPass,adult,en,popular_weak,270,2,45.0,Silver,5,0.0|0.0|40.0|0.0|50.0|60.0|60.0|60.0,7.5,Hatchling,0.0,0.0,0,0,33.75,Expanding,NORMAL,NOT_ELIGIBLE,12.75,NOT_ELIGIBLE,2,ACH-ACT-001|ACH-LRN-001,0,0,0,0,0,5,0,3,LED|OPR|PRT,0,1,"{'mastery_from_popularity': 'no', 'prestige_from_popularity': 'no'}",,PASS
SYN-0209,Synthetic 209,Expedition,adult,en,steady,845,4,64.17,Gold,6,40.0|85.0|50.0|60.0|0.0|75.0|75.0|0.0,58.75,Pathfinder,83.33,83.33,1,1,50.0,Multi-Horizon,NORMAL,STANDARD_TEMPLATE_ELIGIBLE_FOR_REVIEW,65.75,NOT_ELIGIBLE,5,ACH-ACT-001|ACH-CAP-001|ACH-EVD-001|ACH-LRN-001|ACH-MST-001,0,0,0,3,1,4,0,5,BLD|LED|OPR|PRT,1,1,{'baseline': 'ok'},,PASS
SYN-0210,Synthetic 210,OpenFlight,adult,ar,new,260,2,29.17,Iron,4,0.0|50.0|75.0|0.0|40.0|10.0|0.0|0.0,27.5,Hatchling,70.0,49.0,0,0,22.5,Focused,NORMAL,NOT_ELIGIBLE,32.45,NOT_ELIGIBLE,4,ACH-ACT-001|ACH-EVD-001|ACH-LRN-001|ACH-TEAM-001,0,0,1,1,0,3,0,2,OPR|PRT,0,1,{'baseline': 'ok'},,PASS
SYN-0211,Synthetic 211,MeritRoute,adult,en,steady,910,4,75.0,Platinum,7,65.0|75.0|50.0|80.0|0.0|60.0|85.0|85.0,58.75,Pathfinder,83.33,83.33,1,1,37.5,Expanding,NORMAL,PROGRESS_VISIBLE,58.5,NOT_ELIGIBLE,6,ACH-ACT-001|ACH-CAP-001|ACH-EVD-001|ACH-EVD-002|ACH-LRN-001|ACH-MST-001,0,0,0,2,1,6,0,5,LED|OPR,1,1,{'baseline': 'ok'},,PASS
SYN-0212,Synthetic 212,FlightPass,adult,en,high_act_low_ev,540,3,58.33,Silver,8,50.0|50.0|60.0|60.0|60.0|60.0|60.0|50.0,12.5,Hatchling,0.0,0.0,0,0,75.0,Integrated,NORMAL,NOT_ELIGIBLE,23.5,NOT_ELIGIBLE,3,ACH-ACT-001|ACH-LRN-001|ACH-TEAM-001,0,0,1,0,0,18,0,10,BLD|LED|OPR|PRT,0,1,"{'high_xp': 'yes', 'route_proven': 'no', 'title': 'no', 'prestige': 'no', 'mastery_strong': 'no'}",,PASS
SYN-0213,Synthetic 213,FlightPass,adult,en,low_act_high_ev,895,4,55.83,Silver,7,65.0|50.0|50.0|50.0|50.0|70.0|0.0|50.0,63.75,Pathfinder,100.0,100.0,1,1,18.25,Focused,POSITIVE_STANDING,PROGRESS_VISIBLE,71.4,NOT_ELIGIBLE,5,ACH-ACT-001|ACH-CAP-001|ACH-EVD-001|ACH-MST-001|ACH-TEAM-001,0,0,1,7,1,1,0,2,OPR,1,1,"{'route_proven': 'possible', 'mastery_strong': 'possible', 'not_punished_for_efficiency': 'yes'}",,PASS
SYN-0214,Synthetic 214,Expedition,adult,ar,experienced,940,4,57.5,Silver,7,40.0|60.0|50.0|0.0|40.0|70.0|50.0|75.0,86.25,Vanguard,100.0,100.0,1,2,48.75,Expanding,POSITIVE_STANDING,STANDARD_TEMPLATE_ELIGIBLE_FOR_REVIEW,77.75,ELIGIBLE_ASCENDANT_NOMINATION,8,ACH-ACT-001|ACH-BRD-001|ACH-CAP-001|ACH-EVD-001|ACH-LRN-001|ACH-MST-001|ACH-SEX-001|ACH-TEAM-001,0,1,1,6,1,2,0,5,BLD|LED|OPR,1,1,{'baseline': 'ok'},,PASS
SYN-0215,Synthetic 215,FlightPass,adult,en,new,160,2,31.67,Bronze,5,0.0|40.0|50.0|50.0|0.0|10.0|40.0|0.0,27.5,Hatchling,66.67,49.0,0,0,22.5,Focused,POSITIVE_STANDING,NOT_ELIGIBLE,36.95,NOT_ELIGIBLE,3,ACH-ACT-001|ACH-EVD-001|ACH-TEAM-001,0,0,1,1,0,2,0,2,BLD|PRT,0,1,{'baseline': 'ok'},,PASS
SYN-0216,Synthetic 216,MeritRoute,adult,en,merit,1095,5,75.83,Platinum,8,75.0|50.0|75.0|65.0|85.0|70.0|65.0|85.0,63.75,Pathfinder,83.33,83.33,1,1,34.5,Expanding,POSITIVE_STANDING,PROGRESS_VISIBLE,69.65,NOT_ELIGIBLE,7,ACH-ACT-001|ACH-CAP-001|ACH-EVD-001|ACH-EVD-002|ACH-LRN-001|ACH-MST-001|ACH-TEAM-001,0,0,1,5,1,5,0,4,LED|OPR,1,1,{'baseline': 'ok'},,PASS
SYN-0217,Synthetic 217,MeritRoute,adult,ar,returning,250,2,29.17,Iron,5,10.0|0.0|0.0|0.0|40.0|60.0|25.0|40.0,42.5,Scout,83.33,49.0,0,0,22.5,Focused,POSITIVE_STANDING,NOT_ELIGIBLE,46.45,NOT_ELIGIBLE,6,ACH-ACT-001|ACH-EVD-001|ACH-EVD-002|ACH-LRN-001|ACH-RET-001|ACH-TEAM-001,0,0,1,3,0,4,0,2,LED|OPR,0,1,{'baseline': 'ok'},,PASS
SYN-0218,Synthetic 218,Expedition,minor,ar,minor_ar,190,2,30.83,Iron,3,0.0|0.0|0.0|50.0|60.0|0.0|0.0|75.0,5.0,Hatchling,15.0,15.0,0,0,22.5,Focused,NORMAL,NOT_ELIGIBLE,15.0,NOT_ELIGIBLE,3,ACH-ACT-001|ACH-EVD-001|ACH-LRN-001,0,0,0,0,0,3,0,2,BLD|PRT,0,0,{'baseline': 'ok'},,PASS
SYN-0219,Synthetic 219,FlightPass,adult,en,a11y_compressed,480,3,52.5,Silver,5,40.0|0.0|0.0|65.0|50.0|0.0|75.0|85.0,42.5,Scout,95.0,49.0,0,0,27.5,Expanding,POSITIVE_STANDING,NOT_ELIGIBLE,56.95,NOT_ELIGIBLE,4,ACH-ACT-001|ACH-EVD-001|ACH-LRN-001|ACH-TEAM-001,0,0,1,5,0,3,0,3,BLD|PRT,0,1,{'baseline': 'ok'},,PASS
SYN-0220,Synthetic 220,MeritRoute,adult,en,team_passenger,260,2,40.0,Bronze,5,40.0|50.0|50.0|50.0|0.0|50.0|0.0|0.0,37.5,Scout,76.67,49.0,0,0,22.5,Focused,NORMAL,NOT_ELIGIBLE,34.7,NOT_ELIGIBLE,3,ACH-ACT-001|ACH-EVD-001|ACH-LRN-001,0,0,0,2,0,2,0,2,BLD|PRT,0,1,{'full_mastery_from_team': 'no'},,PASS
SYN-0221,Synthetic 221,OpenFlight,adult,en,team_strong,1130,5,62.5,Gold,8,20.0|65.0|60.0|60.0|10.0|50.0|80.0|60.0,66.25,Specialist,85.0,85.0,1,1,18.25,Focused,POSITIVE_STANDING,PROGRESS_VISIBLE,74.4,NOT_ELIGIBLE,6,ACH-ACT-001|ACH-CAP-001|ACH-EVD-001|ACH-LIVE-001|ACH-MST-001|ACH-TEAM-001,0,0,6,3,1,1,0,2,OPR,1,1,{'baseline': 'ok'},,PASS
SYN-0222,Synthetic 222,Expedition,adult,ar,integrity,520,3,60.83,Gold,8,65.0|50.0|50.0|50.0|75.0|50.0|50.0|75.0,37.5,Scout,83.33,49.0,0,0,38.75,Expanding,NORMAL,NOT_ELIGIBLE,52.2,NOT_ELIGIBLE,2,ACH-ACT-001|ACH-EVD-001,0,0,0,6,0,4,0,4,BLD|LED|PRT,0,1,{'baseline': 'ok'},,PASS
SYN-0223,Synthetic 223,FlightPass,adult,ar,popular_weak,330,3,35.0,Bronze,5,10.0|50.0|0.0|0.0|40.0|50.0|60.0|0.0,30.0,Hatchling,70.0,49.0,0,0,27.5,Expanding,POSITIVE_STANDING,NOT_ELIGIBLE,40.45,NOT_ELIGIBLE,4,ACH-ACT-001|ACH-EVD-001|ACH-LRN-001|ACH-TEAM-001,0,0,2,1,0,3,0,3,LED|PRT,0,1,"{'mastery_from_popularity': 'no', 'prestige_from_popularity': 'no'}",,PASS
SYN-0224,Synthetic 224,WingPass,adult,ar,steady,1170,5,79.17,Platinum,7,75.0|85.0|60.0|65.0|0.0|75.0|90.0|85.0,66.25,Specialist,83.33,83.33,1,1,72.0,Integrated,POSITIVE_STANDING,STANDARD_TEMPLATE_ELIGIBLE_FOR_REVIEW,79.65,NOT_ELIGIBLE,7,ACH-ACT-001|ACH-CAP-001|ACH-EVD-001|ACH-EVD-002|ACH-LRN-001|ACH-MST-001|ACH-TEAM-001,0,0,2,3,1,7,0,9,BLD|LED|OPR|PRT,1,1,{'baseline': 'ok'},,PASS
SYN-0225,Synthetic 225,MeritRoute,adult,ar,new,155,2,20.83,Iron,3,0.0|0.0|40.0|0.0|0.0|0.0|75.0|10.0,10.0,Hatchling,15.0,15.0,0,0,22.5,Focused,NORMAL,NOT_ELIGIBLE,17.5,NOT_ELIGIBLE,4,ACH-ACT-001|ACH-EVD-001|ACH-LRN-001|ACH-TEAM-001,0,0,1,0,0,2,0,2,LED|PRT,0,0,{'baseline': 'ok'},,PASS
SYN-0226,Synthetic 226,FlightPass,adult,en,steady,1040,5,70.0,Gold,7,50.0|75.0|75.0|50.0|0.0|75.0|85.0|60.0,63.75,Pathfinder,86.0,86.0,1,1,52.0,Multi-Horizon,POSITIVE_STANDING,STANDARD_TEMPLATE_ELIGIBLE_FOR_REVIEW,73.95,NOT_ELIGIBLE,6,ACH-ACT-001|ACH-CAP-001|ACH-EVD-001|ACH-LRN-001|ACH-MST-001|ACH-TEAM-001,0,0,1,6,1,5,0,5,BLD|LED|OPR|PRT,1,1,{'baseline': 'ok'},,PASS
SYN-0227,Synthetic 227,WingPass,adult,en,high_act_low_ev,900,4,60.0,Gold,8,50.0|60.0|50.0|50.0|60.0|60.0|70.0|60.0,12.5,Hatchling,0.0,0.0,0,0,75.0,Integrated,NORMAL,NOT_ELIGIBLE,23.5,NOT_ELIGIBLE,3,ACH-ACT-001|ACH-LRN-001|ACH-TEAM-001,0,0,1,0,0,18,0,10,BLD|LED|OPR|PRT,0,1,"{'high_xp': 'yes', 'route_proven': 'no', 'title': 'no', 'prestige': 'no', 'mastery_strong': 'no'}",,PASS
SYN-0228,Synthetic 228,Expedition,adult,en,low_act_high_ev,1025,5,67.5,Gold,8,75.0|50.0|50.0|85.0|50.0|70.0|75.0|50.0,58.75,Pathfinder,100.0,100.0,1,1,43.75,Expanding,NORMAL,STANDARD_TEMPLATE_ELIGIBLE_FOR_REVIEW,69.5,NOT_ELIGIBLE,5,ACH-ACT-001|ACH-CAP-001|ACH-EVD-001|ACH-LRN-001|ACH-MST-001,0,0,0,8,1,3,0,5,LED|OPR|PRT,1,1,"{'route_proven': 'possible', 'mastery_strong': 'possible', 'not_punished_for_efficiency': 'yes'}",,PASS
SYN-0229,Synthetic 229,Expedition,adult,en,experienced,1155,5,71.67,Gold,8,75.0|85.0|60.0|50.0|50.0|85.0|75.0|50.0,86.25,Vanguard,100.0,100.0,1,2,65.0,Multi-Horizon,POSITIVE_STANDING,STANDARD_TEMPLATE_ELIGIBLE_FOR_REVIEW,83.5,ELIGIBLE_ASCENDANT_NOMINATION,8,ACH-ACT-001|ACH-BRD-001|ACH-CAP-001|ACH-EVD-001|ACH-LRN-001|ACH-MST-001|ACH-SEX-001|ACH-TEAM-001,0,1,2,8,1,4,0,7,BLD|LED|OPR|PRT,1,1,{'baseline': 'ok'},,PASS
SYN-0230,Synthetic 230,MeritRoute,adult,en,new,415,3,49.17,Silver,6,0.0|0.0|50.0|10.0|40.0|50.0|60.0|85.0,45.0,Scout,76.67,49.0,0,0,22.5,Focused,POSITIVE_STANDING,NOT_ELIGIBLE,49.2,NOT_ELIGIBLE,4,ACH-ACT-001|ACH-EVD-001|ACH-LRN-001|ACH-TEAM-001,0,0,4,2,0,3,0,2,BLD|LED,0,1,{'baseline': 'ok'},,PASS
SYN-0231,Synthetic 231,WingPass,adult,en,merit,890,4,74.17,Gold,6,0.0|0.0|65.0|75.0|75.0|75.0|70.0|85.0,58.75,Pathfinder,81.67,81.67,1,1,55.0,Multi-Horizon,NORMAL,STANDARD_TEMPLATE_ELIGIBLE_FOR_REVIEW,66.25,NOT_ELIGIBLE,5,ACH-ACT-001|ACH-CAP-001|ACH-EVD-001|ACH-LRN-001|ACH-MST-001,0,0,0,4,1,6,0,6,BLD|LED|OPR|PRT,1,1,{'baseline': 'ok'},,PASS
SYN-0232,Synthetic 232,OpenFlight,adult,en,returning,225,2,27.5,Iron,3,60.0|0.0|0.0|0.0|50.0|0.0|55.0|0.0,25.0,Hatchling,66.67,49.0,0,0,33.75,Expanding,NORMAL,NOT_ELIGIBLE,32.2,NOT_ELIGIBLE,5,ACH-ACT-001|ACH-EVD-001|ACH-EVD-002|ACH-LRN-001|ACH-RET-001,0,0,0,1,0,6,0,3,BLD|LED|OPR,0,0,{'baseline': 'ok'},,PASS
SYN-0233,Synthetic 233,OpenFlight,minor,ar,minor_ar,620,4,69.17,Gold,7,75.0|85.0|70.0|0.0|50.0|50.0|85.0|50.0,45.0,Scout,86.67,49.0,0,0,27.5,Expanding,POSITIVE_STANDING,NOT_ELIGIBLE,54.7,NOT_ELIGIBLE,4,ACH-ACT-001|ACH-EVD-001|ACH-LRN-001|ACH-TEAM-001,0,0,2,4,0,4,0,3,LED|OPR,0,1,{'baseline': 'ok'},,PASS
SYN-0234,Synthetic 234,MeritRoute,adult,en,a11y_compressed,360,3,42.5,Bronze,5,40.0|0.0|0.0|75.0|50.0|0.0|40.0|50.0,37.5,Scout,95.0,49.0,0,0,5.0,Focused,NORMAL,NOT_ELIGIBLE,45.45,NOT_ELIGIBLE,3,ACH-ACT-001|ACH-EVD-001|ACH-LRN-001,0,0,0,5,0,1,0,1,OPR,0,1,{'baseline': 'ok'},,PASS
SYN-0235,Synthetic 235,OpenFlight,adult,ar,team_passenger,280,2,33.33,Bronze,4,0.0|0.0|40.0|60.0|0.0|50.0|0.0|50.0,5.0,Hatchling,0.0,0.0,0,0,38.75,Expanding,NORMAL,NOT_ELIGIBLE,13.75,NOT_ELIGIBLE,2,ACH-ACT-001|ACH-LRN-001,0,0,0,0,0,4,0,4,BLD|LED|OPR,0,1,{'full_mastery_from_team': 'no'},,PASS
SYN-0236,Synthetic 236,FlightPass,adult,en,team_strong,1200,5,77.5,Platinum,8,75.0|75.0|75.0|50.0|75.0|60.0|80.0|85.0,66.25,Specialist,88.33,88.33,1,1,57.0,Multi-Horizon,POSITIVE_STANDING,STANDARD_TEMPLATE_ELIGIBLE_FOR_REVIEW,83.15,NOT_ELIGIBLE,7,ACH-ACT-001|ACH-CAP-001|ACH-EVD-001|ACH-LIVE-001|ACH-LRN-001|ACH-MST-001|ACH-TEAM-001,0,0,4,3,1,5,0,6,BLD|LED|OPR|PRT,1,1,{'baseline': 'ok'},,PASS
SYN-0237,Synthetic 237,Expedition,adult,ar,integrity,320,3,48.33,Silver,5,0.0|40.0|50.0|50.0|75.0|75.0|0.0|0.0,37.5,Scout,95.0,49.0,0,0,33.75,Expanding,NORMAL,NOT_ELIGIBLE,46.45,NOT_ELIGIBLE,2,ACH-ACT-001|ACH-EVD-001,0,0,0,4,0,3,0,3,BLD|LED|OPR,0,1,{'baseline': 'ok'},,PASS
SYN-0238,Synthetic 238,Expedition,adult,ar,popular_weak,290,2,35.0,Bronze,5,50.0|60.0|10.0|0.0|50.0|0.0|40.0|0.0,27.5,Hatchling,70.0,49.0,0,0,27.5,Expanding,NORMAL,NOT_ELIGIBLE,33.45,NOT_ELIGIBLE,4,ACH-ACT-001|ACH-EVD-001|ACH-LRN-001|ACH-TEAM-001,0,0,1,1,0,3,0,3,BLD|OPR,0,1,"{'mastery_from_popularity': 'no', 'prestige_from_popularity': 'no'}",,PASS
SYN-0239,Synthetic 239,MeritRoute,adult,en,steady,865,4,60.0,Gold,6,75.0|0.0|40.0|15.0|0.0|60.0|85.0|85.0,58.75,Pathfinder,86.0,86.0,1,1,55.0,Multi-Horizon,NORMAL,STANDARD_TEMPLATE_ELIGIBLE_FOR_REVIEW,67.55,NOT_ELIGIBLE,6,ACH-ACT-001|ACH-CAP-001|ACH-EVD-001|ACH-EVD-002|ACH-LRN-001|ACH-MST-001,0,0,0,3,1,5,0,6,BLD|LED|OPR|PRT,1,1,{'baseline': 'ok'},,PASS
SYN-0240,Synthetic 240,FlightPass,adult,en,new,295,2,31.67,Bronze,4,50.0|0.0|0.0|40.0|50.0|0.0|50.0|0.0,42.5,Scout,95.0,49.0,0,0,5.0,Focused,POSITIVE_STANDING,NOT_ELIGIBLE,42.95,NOT_ELIGIBLE,4,ACH-ACT-001|ACH-EVD-001|ACH-LRN-001|ACH-TEAM-001,0,0,1,3,0,1,0,1,PRT,0,1,{'baseline': 'ok'},,PASS
SYN-0241,Synthetic 241,MeritRoute,adult,en,steady,515,3,62.5,Gold,7,50.0|60.0|50.0|10.0|0.0|75.0|65.0|75.0,30.0,Hatchling,73.33,49.0,0,0,38.75,Expanding,POSITIVE_STANDING,NOT_ELIGIBLE,42.7,NOT_ELIGIBLE,5,ACH-ACT-001|ACH-EVD-001|ACH-EVD-002|ACH-LRN-001|ACH-TEAM-001,0,0,2,1,0,4,0,4,BLD|LED|OPR,0,1,{'baseline': 'ok'},,PASS
SYN-0242,Synthetic 242,MeritRoute,adult,en,high_act_low_ev,480,3,55.0,Silver,8,50.0|50.0|60.0|60.0|60.0|50.0|50.0|50.0,12.5,Hatchling,0.0,0.0,0,0,80.0,Integrated,NORMAL,NOT_ELIGIBLE,24.5,NOT_ELIGIBLE,3,ACH-ACT-001|ACH-LRN-001|ACH-TEAM-001,0,0,1,0,0,18,0,11,BLD|LED|OPR|PRT,0,1,"{'high_xp': 'yes', 'route_proven': 'no', 'title': 'no', 'prestige': 'no', 'mastery_strong': 'no'}",,PASS
SYN-0243,Synthetic 243,WingPass,adult,en,low_act_high_ev,970,4,55.83,Silver,8,40.0|50.0|50.0|50.0|50.0|50.0|85.0|50.0,63.75,Pathfinder,100.0,100.0,1,1,29.5,Expanding,POSITIVE_STANDING,PROGRESS_VISIBLE,73.65,NOT_ELIGIBLE,5,ACH-ACT-001|ACH-CAP-001|ACH-EVD-001|ACH-MST-001|ACH-TEAM-001,0,0,1,8,1,1,0,3,LED|OPR,1,1,"{'route_proven': 'possible', 'mastery_strong': 'possible', 'not_punished_for_efficiency': 'yes'}",,PASS
SYN-0244,Synthetic 244,MeritRoute,adult,en,experienced,865,4,63.33,Gold,7,40.0|60.0|50.0|0.0|40.0|70.0|85.0|75.0,86.25,Specialist,100.0,100.0,1,2,51.75,Multi-Horizon,NORMAL,STANDARD_TEMPLATE_ELIGIBLE_FOR_REVIEW,71.35,NOT_ELIGIBLE,7,ACH-ACT-001|ACH-BRD-001|ACH-CAP-001|ACH-EVD-001|ACH-LRN-001|ACH-MST-001|ACH-SEX-001,0,1,0,5,1,4,0,6,BLD|OPR|PRT,1,1,{'baseline': 'ok'},,PASS
SYN-0245,Synthetic 245,MeritRoute,adult,en,new,280,2,30.0,Bronze,4,0.0|0.0|60.0|50.0|10.0|0.0|60.0|0.0,12.5,Hatchling,0.0,0.0,0,0,22.5,Focused,NORMAL,NOT_ELIGIBLE,18.0,NOT_ELIGIBLE,3,ACH-ACT-001|ACH-LRN-001|ACH-TEAM-001,0,0,3,0,0,3,0,2,LED|OPR,0,1,{'baseline': 'ok'},,PASS
SYN-0246,Synthetic 246,OpenFlight,adult,ar,merit,1005,5,70.0,Gold,8,50.0|85.0|75.0|50.0|60.0|70.0|80.0|50.0,63.75,Pathfinder,81.67,81.67,1,1,50.75,Multi-Horizon,POSITIVE_STANDING,STANDARD_TEMPLATE_ELIGIBLE_FOR_REVIEW,67.65,NOT_ELIGIBLE,7,ACH-ACT-001|ACH-CAP-001|ACH-EVD-001|ACH-EVD-002|ACH-LRN-001|ACH-MST-001|ACH-TEAM-001,0,0,1,2,1,6,0,6,LED|OPR|PRT,1,1,{'baseline': 'ok'},,PASS
SYN-0247,Synthetic 247,WingPass,adult,ar,returning,300,3,37.5,Bronze,5,75.0|0.0|0.0|40.0|50.0|0.0|10.0|50.0,45.0,Scout,90.0,49.0,0,0,22.5,Focused,POSITIVE_STANDING,NOT_ELIGIBLE,48.95,NOT_ELIGIBLE,4,ACH-ACT-001|ACH-EVD-001|ACH-RET-001|ACH-TEAM-001,0,0,2,3,0,4,0,2,OPR|PRT,0,1,{'baseline': 'ok'},,PASS
SYN-0248,Synthetic 248,Expedition,minor,ar,minor_ar,555,3,65.0,Gold,7,40.0|85.0|60.0|60.0|50.0|75.0|60.0|0.0,45.0,Scout,83.33,49.0,0,0,27.5,Expanding,POSITIVE_STANDING,NOT_ELIGIBLE,47.45,NOT_ELIGIBLE,4,ACH-ACT-001|ACH-EVD-001|ACH-LRN-001|ACH-TEAM-001,0,0,1,3,0,5,0,3,LED|PRT,0,1,{'baseline': 'ok'},,PASS
SYN-0249,Synthetic 249,Expedition,adult,en,a11y_compressed,440,3,61.67,Gold,6,65.0|50.0|0.0|40.0|75.0|0.0|65.0|75.0,45.0,Scout,95.0,49.0,0,0,32.5,Expanding,POSITIVE_STANDING,NOT_ELIGIBLE,57.95,NOT_ELIGIBLE,3,ACH-ACT-001|ACH-EVD-001|ACH-TEAM-001,0,0,1,5,0,5,0,4,BLD|OPR,0,1,{'baseline': 'ok'},,PASS
SYN-0250,Synthetic 250,WingPass,adult,en,team_passenger,400,3,54.17,Silver,6,40.0|50.0|60.0|50.0|50.0|75.0|0.0|0.0,37.5,Scout,95.0,49.0,0,0,22.5,Focused,NORMAL,NOT_ELIGIBLE,44.2,NOT_ELIGIBLE,3,ACH-ACT-001|ACH-EVD-001|ACH-LRN-001,0,0,0,4,0,3,0,2,LED|PRT,0,1,{'full_mastery_from_team': 'no'},,PASS
SYN-0251,Synthetic 251,MeritRoute,adult,ar,team_strong,1455,5,79.17,Platinum,8,65.0|60.0|70.0|75.0|75.0|85.0|85.0|85.0,66.25,Specialist,83.33,83.33,1,1,50.75,Multi-Horizon,POSITIVE_STANDING,STANDARD_TEMPLATE_ELIGIBLE_FOR_REVIEW,80.4,NOT_ELIGIBLE,7,ACH-ACT-001|ACH-CAP-001|ACH-EVD-001|ACH-LIVE-001|ACH-LRN-001|ACH-MST-001|ACH-TEAM-001,0,0,6,5,1,7,0,6,BLD|LED|OPR,1,1,{'baseline': 'ok'},,PASS
SYN-0252,Synthetic 252,MeritRoute,adult,en,integrity,230,2,45.0,Silver,5,40.0|0.0|40.0|0.0|65.0|75.0|0.0|50.0,22.5,Hatchling,73.33,49.0,0,0,27.5,Expanding,NORMAL,NOT_ELIGIBLE,30.95,NOT_ELIGIBLE,3,ACH-ACT-001|ACH-EVD-001|ACH-LRN-001,0,0,0,1,0,3,0,3,OPR|PRT,0,1,{'baseline': 'ok'},,PASS
SYN-0253,Synthetic 253,Expedition,adult,en,popular_weak,120,2,25.0,Iron,3,0.0|0.0|0.0|0.0|0.0|40.0|50.0|60.0,5.0,Hatchling,0.0,0.0,0,0,27.5,Expanding,NORMAL,NOT_ELIGIBLE,11.5,NOT_ELIGIBLE,2,ACH-ACT-001|ACH-LRN-001,0,0,0,0,0,3,0,3,BLD|OPR,0,0,"{'mastery_from_popularity': 'no', 'prestige_from_popularity': 'no'}",,PASS
SYN-0254,Synthetic 254,Expedition,adult,ar,steady,915,4,63.33,Gold,6,75.0|85.0|50.0|65.0|0.0|30.0|0.0|75.0,66.25,Specialist,80.0,80.0,1,1,45.75,Expanding,POSITIVE_STANDING,STANDARD_TEMPLATE_ELIGIBLE_FOR_REVIEW,71.15,NOT_ELIGIBLE,7,ACH-ACT-001|ACH-CAP-001|ACH-EVD-001|ACH-EVD-002|ACH-LRN-001|ACH-MST-001|ACH-TEAM-001,0,0,3,2,1,4,0,5,LED|OPR|PRT,1,1,{'baseline': 'ok'},,PASS
SYN-0255,Synthetic 255,Expedition,adult,en,new,335,3,54.17,Silver,6,50.0|50.0|50.0|50.0|85.0|0.0|40.0|0.0,40.0,Scout,85.0,49.0,0,0,38.75,Expanding,NORMAL,NOT_ELIGIBLE,37.95,NOT_ELIGIBLE,3,ACH-ACT-001|ACH-EVD-001|ACH-LRN-001,0,0,0,2,0,5,0,4,LED|OPR|PRT,0,1,{'baseline': 'ok'},,PASS
SYN-0256,Synthetic 256,WingPass,adult,en,steady,915,4,64.17,Gold,6,75.0|0.0|40.0|60.0|0.0|60.0|90.0|60.0,63.75,Pathfinder,81.67,81.67,1,1,45.75,Expanding,POSITIVE_STANDING,STANDARD_TEMPLATE_ELIGIBLE_FOR_REVIEW,71.4,NOT_ELIGIBLE,7,ACH-ACT-001|ACH-CAP-001|ACH-EVD-001|ACH-EVD-002|ACH-LRN-001|ACH-MST-001|ACH-TEAM-001,0,0,1,3,1,4,0,5,BLD|OPR|PRT,1,1,{'baseline': 'ok'},,PASS
SYN-0257,Synthetic 257,OpenFlight,adult,en,high_act_low_ev,740,4,60.0,Gold,8,50.0|50.0|60.0|50.0|60.0|60.0|60.0|70.0,12.5,Hatchling,0.0,0.0,0,0,63.75,Multi-Horizon,NORMAL,NOT_ELIGIBLE,21.25,NOT_ELIGIBLE,3,ACH-ACT-001|ACH-LRN-001|ACH-TEAM-001,0,0,1,0,0,18,0,9,BLD|OPR|PRT,0,1,"{'high_xp': 'yes', 'route_proven': 'no', 'title': 'no', 'prestige': 'no', 'mastery_strong': 'no'}",,PASS
SYN-0258,Synthetic 258,MeritRoute,adult,en,low_act_high_ev,880,4,53.33,Silver,8,40.0|50.0|50.0|50.0|50.0|70.0|50.0|50.0,56.25,Pathfinder,100.0,100.0,1,1,16.25,Focused,NORMAL,PROGRESS_VISIBLE,64.0,NOT_ELIGIBLE,3,ACH-CAP-001|ACH-EVD-001|ACH-MST-001,0,0,0,8,1,0,0,2,OPR,1,1,"{'route_proven': 'possible', 'mastery_strong': 'possible', 'not_punished_for_efficiency': 'yes'}",,PASS
SYN-0259,Synthetic 259,OpenFlight,adult,en,experienced,970,4,59.17,Silver,6,50.0|0.0|75.0|85.0|50.0|30.0|0.0|65.0,86.25,Vanguard,100.0,100.0,1,2,55.0,Multi-Horizon,POSITIVE_STANDING,STANDARD_TEMPLATE_ELIGIBLE_FOR_REVIEW,81.5,ELIGIBLE_ASCENDANT_NOMINATION,8,ACH-ACT-001|ACH-BRD-001|ACH-CAP-001|ACH-EVD-001|ACH-LRN-001|ACH-MST-001|ACH-SEX-001|ACH-TEAM-001,0,1,2,5,1,3,0,5,BLD|LED|OPR|PRT,1,1,{'baseline': 'ok'},,PASS
SYN-0260,Synthetic 260,OpenFlight,adult,en,new,190,2,20.83,Iron,3,40.0|0.0|0.0|10.0|0.0|0.0|0.0|75.0,27.5,Hatchling,66.67,49.0,0,0,5.0,Focused,POSITIVE_STANDING,NOT_ELIGIBLE,33.45,NOT_ELIGIBLE,4,ACH-ACT-001|ACH-EVD-001|ACH-LRN-001|ACH-TEAM-001,0,0,1,1,0,1,0,1,BLD,0,0,{'baseline': 'ok'},,PASS
SYN-0261,Synthetic 261,WingPass,adult,en,merit,1060,5,79.17,Platinum,7,0.0|75.0|50.0|80.0|85.0|75.0|85.0|75.0,58.75,Pathfinder,85.0,85.0,1,1,60.0,Multi-Horizon,NORMAL,STANDARD_TEMPLATE_ELIGIBLE_FOR_REVIEW,68.25,NOT_ELIGIBLE,6,ACH-ACT-001|ACH-CAP-001|ACH-EVD-001|ACH-EVD-002|ACH-LRN-001|ACH-MST-001,0,0,0,4,1,6,0,7,BLD|LED|OPR|PRT,1,1,{'baseline': 'ok'},,PASS
SYN-0262,Synthetic 262,OpenFlight,adult,ar,returning,345,3,44.17,Bronze,6,10.0|0.0|0.0|15.0|75.0|50.0|65.0|50.0,37.5,Scout,86.67,49.0,0,0,16.25,Focused,POSITIVE_STANDING,NOT_ELIGIBLE,47.45,NOT_ELIGIBLE,5,ACH-ACT-001|ACH-EVD-001|ACH-EVD-002|ACH-LRN-001|ACH-RET-001,0,0,0,4,0,4,0,2,OPR,0,1,{'baseline': 'ok'},,PASS
SYN-0263,Synthetic 263,MeritRoute,minor,ar,minor_ar,350,3,54.17,Silver,6,50.0|85.0|50.0|60.0|0.0|40.0|0.0|40.0,30.0,Hatchling,66.67,49.0,0,0,38.75,Expanding,POSITIVE_STANDING,NOT_ELIGIBLE,40.2,NOT_ELIGIBLE,4,ACH-ACT-001|ACH-EVD-001|ACH-LRN-001|ACH-TEAM-001,0,0,1,1,0,5,0,4,BLD|LED|PRT,0,1,{'baseline': 'ok'},,PASS
SYN-0264,Synthetic 264,Expedition,adult,ar,a11y_compressed,300,3,46.67,Silver,6,50.0|50.0|0.0|40.0|50.0|0.0|40.0|50.0,37.5,Scout,86.67,49.0,0,0,5.0,Focused,NORMAL,NOT_ELIGIBLE,35.95,NOT_ELIGIBLE,3,ACH-ACT-001|ACH-EVD-001|ACH-LRN-001,0,0,0,3,0,1,0,1,BLD,0,1,{'baseline': 'ok'},,PASS
SYN-0265,Synthetic 265,WingPass,adult,en,team_passenger,230,2,46.67,Silver,6,40.0|50.0|0.0|40.0|60.0|0.0|40.0|50.0,37.5,Scout,85.0,49.0,0,0,27.5,Expanding,NORMAL,NOT_ELIGIBLE,35.7,NOT_ELIGIBLE,3,ACH-ACT-001|ACH-EVD-001|ACH-LRN-001,0,0,0,2,0,4,0,3,LED|PRT,0,1,{'full_mastery_from_team': 'no'},,PASS
SYN-0266,Synthetic 266,Expedition,adult,ar,team_strong,1415,5,79.17,Platinum,8,75.0|75.0|85.0|60.0|85.0|80.0|60.0|75.0,66.25,Specialist,85.0,85.0,1,1,45.75,Expanding,POSITIVE_STANDING,STANDARD_TEMPLATE_ELIGIBLE_FOR_REVIEW,75.15,NOT_ELIGIBLE,7,ACH-ACT-001|ACH-CAP-001|ACH-EVD-001|ACH-LIVE-001|ACH-LRN-001|ACH-MST-001|ACH-TEAM-001,0,0,7,2,1,5,0,5,BLD|OPR|PRT,1,1,{'baseline': 'ok'},,PASS
SYN-0267,Synthetic 267,MeritRoute,adult,en,integrity,460,3,61.67,Gold,7,0.0|40.0|50.0|50.0|60.0|75.0|60.0|75.0,42.5,Scout,86.67,49.0,0,0,27.5,Expanding,POSITIVE_STANDING,NOT_ELIGIBLE,52.2,NOT_ELIGIBLE,4,ACH-ACT-001|ACH-EVD-001|ACH-LRN-001|ACH-TEAM-001,0,0,1,4,0,3,0,3,BLD|LED,0,1,{'baseline': 'ok'},,PASS
SYN-0268,Synthetic 268,FlightPass,adult,en,popular_weak,535,3,69.17,Gold,6,0.0|75.0|60.0|60.0|85.0|85.0|50.0|0.0,40.0,Scout,76.67,49.0,0,0,43.75,Expanding,NORMAL,NOT_ELIGIBLE,38.95,NOT_ELIGIBLE,3,ACH-ACT-001|ACH-EVD-001|ACH-LRN-001,0,0,0,2,0,6,0,5,BLD|LED|PRT,0,1,"{'mastery_from_popularity': 'no', 'prestige_from_popularity': 'no'}",,PASS
SYN-0269,Synthetic 269,FlightPass,adult,en,prestige,1580,6,73.33,Gold,8,50.0|50.0|50.0|75.0|85.0|80.0|75.0|75.0,87.5,Vanguard,100.0,100.0,1,2,75.0,Integrated,ELEVATED_RESPONSIBILITY_ELIGIBLE,INTEGRATED_TEMPLATE_ELIGIBLE_FOR_REVIEW,94.25,ELIGIBLE_ASCENDANT_NOMINATION,10,ACH-ACT-001|ACH-BRD-001|ACH-CAP-001|ACH-CXW-001|ACH-EVD-001|ACH-LIVE-001|ACH-LRN-001|ACH-MST-001|ACH-SEX-001|ACH-TEAM-001,1,1,2,8,1,4,0,7,BLD|LED|OPR|PRT,1,1,"{'prestige_auto_grant': 'no', 'nomination_possible': 'yes'}",,PASS
SYN-0270,Synthetic 270,OpenFlight,adult,en,new,280,2,35.0,Bronze,6,50.0|0.0|0.0|40.0|50.0|10.0|10.0|50.0,30.0,Hatchling,70.0,49.0,0,0,22.5,Focused,POSITIVE_STANDING,NOT_ELIGIBLE,39.45,NOT_ELIGIBLE,4,ACH-ACT-001|ACH-EVD-001|ACH-LRN-001|ACH-TEAM-001,0,0,2,1,0,3,0,2,BLD|PRT,0,1,{'baseline': 'ok'},,PASS
SYN-0271,Synthetic 271,MeritRoute,adult,ar,steady,910,4,65.0,Gold,7,65.0|75.0|75.0|50.0|0.0|65.0|60.0|50.0,63.75,Pathfinder,83.33,83.33,1,1,45.75,Expanding,POSITIVE_STANDING,STANDARD_TEMPLATE_ELIGIBLE_FOR_REVIEW,71.9,NOT_ELIGIBLE,6,ACH-ACT-001|ACH-CAP-001|ACH-EVD-001|ACH-LRN-001|ACH-MST-001|ACH-TEAM-001,0,0,1,3,1,5,0,5,BLD|OPR|PRT,1,1,{'baseline': 'ok'},,PASS
SYN-0272,Synthetic 272,Expedition,adult,en,high_act_low_ev,600,4,59.17,Silver,7,60.0|50.0|75.0|0.0|50.0|60.0|60.0|50.0,15.0,Hatchling,15.0,15.0,0,0,65.0,Multi-Horizon,POSITIVE_STANDING,NOT_ELIGIBLE,33.0,NOT_ELIGIBLE,4,ACH-ACT-001|ACH-EVD-001|ACH-LRN-001|ACH-TEAM-001,0,0,2,0,0,16,0,8,BLD|LED|OPR|PRT,0,1,"{'high_xp': 'yes', 'route_proven': 'no', 'title': 'no', 'prestige': 'no', 'mastery_strong': 'no'}",,PASS
SYN-0273,Synthetic 273,FlightPass,adult,ar,low_act_high_ev,870,4,55.83,Silver,8,65.0|50.0|50.0|10.0|40.0|70.0|50.0|50.0,63.75,Pathfinder,100.0,100.0,1,1,29.5,Expanding,POSITIVE_STANDING,PROGRESS_VISIBLE,73.65,NOT_ELIGIBLE,5,ACH-ACT-001|ACH-CAP-001|ACH-EVD-001|ACH-MST-001|ACH-TEAM-001,0,0,1,7,1,1,0,3,OPR|PRT,1,1,"{'route_proven': 'possible', 'mastery_strong': 'possible', 'not_punished_for_efficiency': 'yes'}",,PASS
SYN-0274,Synthetic 274,WingPass,adult,ar,experienced,1060,5,70.0,Gold,6,65.0|50.0|0.0|75.0|75.0|0.0|75.0|80.0,86.25,Vanguard,100.0,100.0,1,2,70.0,Integrated,POSITIVE_STANDING,STANDARD_TEMPLATE_ELIGIBLE_FOR_REVIEW,87.0,ELIGIBLE_ASCENDANT_NOMINATION,8,ACH-ACT-001|ACH-BRD-001|ACH-CAP-001|ACH-EVD-001|ACH-LRN-001|ACH-MST-001|ACH-SEX-001|ACH-TEAM-001,0,1,3,5,1,5,0,8,BLD|LED|OPR|PRT,1,1,{'baseline': 'ok'},,PASS
SYN-0275,Synthetic 275,MeritRoute,adult,en,new,265,2,41.67,Bronze,5,0.0|0.0|50.0|50.0|50.0|50.0|0.0|50.0,37.5,Scout,85.0,49.0,0,0,33.75,Expanding,NORMAL,NOT_ELIGIBLE,36.95,NOT_ELIGIBLE,3,ACH-ACT-001|ACH-EVD-001|ACH-LRN-001,0,0,0,2,0,3,0,3,BLD|LED|OPR,0,1,{'baseline': 'ok'},,PASS
SYN-0276,Synthetic 276,FlightPass,adult,en,merit,970,4,70.83,Gold,8,40.0|50.0|50.0|90.0|50.0|70.0|80.0|85.0,58.75,Pathfinder,83.33,83.33,1,1,43.75,Expanding,NORMAL,STANDARD_TEMPLATE_ELIGIBLE_FOR_REVIEW,64.5,NOT_ELIGIBLE,6,ACH-ACT-001|ACH-CAP-001|ACH-EVD-001|ACH-EVD-002|ACH-LRN-001|ACH-MST-001,0,0,0,5,1,4,0,5,BLD|LED|OPR,1,1,{'baseline': 'ok'},,PASS
SYN-0277,Synthetic 277,MeritRoute,adult,en,returning,260,2,39.17,Bronze,4,50.0|0.0|0.0|65.0|70.0|50.0|0.0|0.0,45.0,Scout,76.67,49.0,0,0,33.75,Expanding,POSITIVE_STANDING,NOT_ELIGIBLE,43.95,NOT_ELIGIBLE,6,ACH-ACT-001|ACH-EVD-001|ACH-EVD-002|ACH-LRN-001|ACH-RET-001|ACH-TEAM-001,0,0,1,2,0,6,0,3,BLD|OPR|PRT,0,1,{'baseline': 'ok'},,PASS
SYN-0278,Synthetic 278,WingPass,minor,ar,minor_ar,265,2,33.33,Bronze,5,50.0|50.0|0.0|40.0|50.0|10.0|0.0|0.0,45.0,Scout,76.67,49.0,0,0,5.0,Focused,POSITIVE_STANDING,NOT_ELIGIBLE,40.7,NOT_ELIGIBLE,3,ACH-ACT-001|ACH-EVD-001|ACH-TEAM-001,0,0,2,2,0,1,0,1,OPR,0,1,{'baseline': 'ok'},,PASS
SYN-0279,Synthetic 279,FlightPass,adult,ar,a11y_compressed,370,3,50.83,Silver,5,65.0|0.0|0.0|65.0|50.0|0.0|50.0|75.0,42.5,Scout,83.33,49.0,0,0,38.75,Expanding,POSITIVE_STANDING,NOT_ELIGIBLE,49.7,NOT_ELIGIBLE,4,ACH-ACT-001|ACH-EVD-001|ACH-LRN-001|ACH-TEAM-001,0,0,1,3,0,4,0,4,BLD|LED|OPR,0,1,{'baseline': 'ok'},,PASS
SYN-0280,Synthetic 280,MeritRoute,adult,en,team_passenger,50,1,6.67,Iron,1,0.0|0.0|0.0|0.0|0.0|0.0|40.0|0.0,5.0,Hatchling,0.0,0.0,0,0,5.0,Focused,NORMAL,NOT_ELIGIBLE,7.0,NOT_ELIGIBLE,1,ACH-ACT-001,0,0,0,0,0,1,0,1,OPR,0,0,{'full_mastery_from_team': 'no'},,PASS
SYN-0281,Synthetic 281,FlightPass,adult,ar,team_strong,1260,5,73.33,Gold,8,75.0|75.0|60.0|60.0|75.0|80.0|10.0|75.0,66.25,Specialist,83.33,83.33,1,1,50.75,Multi-Horizon,POSITIVE_STANDING,STANDARD_TEMPLATE_ELIGIBLE_FOR_REVIEW,80.4,NOT_ELIGIBLE,7,ACH-ACT-001|ACH-CAP-001|ACH-EVD-001|ACH-LIVE-001|ACH-LRN-001|ACH-MST-001|ACH-TEAM-001,0,0,7,4,1,5,0,6,BLD|OPR|PRT,1,1,{'baseline': 'ok'},,PASS
SYN-0282,Synthetic 282,OpenFlight,adult,en,integrity,450,3,61.67,Gold,7,50.0|0.0|40.0|60.0|50.0|85.0|50.0|75.0,42.5,Scout,86.67,49.0,0,0,27.5,Expanding,POSITIVE_STANDING,NOT_ELIGIBLE,52.2,NOT_ELIGIBLE,4,ACH-ACT-001|ACH-EVD-001|ACH-LRN-001|ACH-TEAM-001,0,0,1,4,0,3,0,3,OPR|PRT,0,1,{'baseline': 'ok'},,PASS
SYN-0283,Synthetic 283,FlightPass,adult,en,popular_weak,190,2,40.0,Bronze,6,10.0|40.0|0.0|50.0|50.0|0.0|40.0|50.0,27.5,Hatchling,70.0,49.0,0,0,33.75,Expanding,NORMAL,NOT_ELIGIBLE,34.7,NOT_ELIGIBLE,4,ACH-ACT-001|ACH-EVD-001|ACH-LRN-001|ACH-TEAM-001,0,0,1,1,0,4,0,3,BLD|LED|PRT,0,1,"{'mastery_from_popularity': 'no', 'prestige_from_popularity': 'no'}",,PASS
SYN-0284,Synthetic 284,OpenFlight,adult,ar,steady,675,4,70.0,Gold,7,65.0|50.0|60.0|60.0|0.0|75.0|75.0|85.0,40.0,Scout,95.0,49.0,0,0,55.0,Multi-Horizon,NORMAL,NOT_ELIGIBLE,50.7,NOT_ELIGIBLE,4,ACH-ACT-001|ACH-EVD-001|ACH-EVD-002|ACH-LRN-001,0,0,0,4,0,6,0,6,BLD|LED|OPR|PRT,0,1,{'baseline': 'ok'},,PASS
SYN-0285,Synthetic 285,FlightPass,adult,en,new,500,3,51.67,Silver,6,40.0|0.0|75.0|50.0|85.0|50.0|0.0|10.0,45.0,Scout,86.67,49.0,0,0,22.5,Focused,POSITIVE_STANDING,NOT_ELIGIBLE,48.95,NOT_ELIGIBLE,4,ACH-ACT-001|ACH-EVD-001|ACH-LRN-001|ACH-TEAM-001,0,0,2,3,0,2,0,2,LED|OPR,0,1,{'baseline': 'ok'},,PASS
SYN-0286,Synthetic 286,FlightPass,adult,en,steady,940,4,64.17,Gold,7,40.0|60.0|60.0|75.0|0.0|20.0|65.0|85.0,58.75,Pathfinder,86.0,86.0,1,1,48.75,Expanding,NORMAL,STANDARD_TEMPLATE_ELIGIBLE_FOR_REVIEW,66.3,NOT_ELIGIBLE,5,ACH-ACT-001|ACH-CAP-001|ACH-EVD-001|ACH-LRN-001|ACH-MST-001,0,0,0,4,1,5,0,6,BLD|LED|OPR,1,1,{'baseline': 'ok'},,PASS
SYN-0287,Synthetic 287,Expedition,adult,en,high_act_low_ev,730,4,56.67,Silver,7,40.0|60.0|60.0|50.0|70.0|50.0|0.0|50.0,12.5,Hatchling,0.0,0.0,0,0,65.0,Multi-Horizon,NORMAL,NOT_ELIGIBLE,21.5,NOT_ELIGIBLE,3,ACH-ACT-001|ACH-LRN-001|ACH-TEAM-001,0,0,1,0,0,16,0,8,BLD|LED|OPR|PRT,0,1,"{'high_xp': 'yes', 'route_proven': 'no', 'title': 'no', 'prestige': 'no', 'mastery_strong': 'no'}",,PASS
SYN-0288,Synthetic 288,WingPass,adult,en,low_act_high_ev,920,4,55.0,Silver,8,40.0|50.0|50.0|60.0|50.0|50.0|70.0|50.0,61.25,Pathfinder,100.0,100.0,1,1,18.25,Focused,POSITIVE_STANDING,PROGRESS_VISIBLE,71.4,NOT_ELIGIBLE,4,ACH-CAP-001|ACH-EVD-001|ACH-MST-001|ACH-TEAM-001,0,0,1,8,1,0,0,2,OPR,1,1,"{'route_proven': 'possible', 'mastery_strong': 'possible', 'not_punished_for_efficiency': 'yes'}",,PASS
SYN-0289,Synthetic 289,MeritRoute,adult,en,experienced,1055,5,69.17,Gold,8,40.0|50.0|75.0|50.0|85.0|50.0|70.0|85.0,86.25,Vanguard,100.0,100.0,1,2,53.75,Multi-Horizon,POSITIVE_STANDING,STANDARD_TEMPLATE_ELIGIBLE_FOR_REVIEW,81.25,ELIGIBLE_ASCENDANT_NOMINATION,8,ACH-ACT-001|ACH-BRD-001|ACH-CAP-001|ACH-EVD-001|ACH-LRN-001|ACH-MST-001|ACH-SEX-001|ACH-TEAM-001,0,1,2,6,1,5,0,6,BLD|LED|OPR,1,1,{'baseline': 'ok'},,PASS
SYN-0290,Synthetic 290,OpenFlight,adult,en,new,100,2,10.0,Iron,2,0.0|0.0|10.0|0.0|0.0|0.0|50.0|0.0,10.0,Hatchling,0.0,0.0,0,0,5.0,Focused,NORMAL,NOT_ELIGIBLE,9.5,NOT_ELIGIBLE,3,ACH-ACT-001|ACH-LRN-001|ACH-TEAM-001,0,0,1,0,0,1,0,1,BLD,0,0,{'baseline': 'ok'},,PASS
SYN-0291,Synthetic 291,WingPass,adult,en,merit,925,4,70.0,Gold,7,65.0|75.0|50.0|65.0|85.0|80.0|0.0|40.0,66.25,Specialist,85.0,85.0,1,1,57.0,Multi-Horizon,POSITIVE_STANDING,STANDARD_TEMPLATE_ELIGIBLE_FOR_REVIEW,77.15,NOT_ELIGIBLE,7,ACH-ACT-001|ACH-CAP-001|ACH-EVD-001|ACH-EVD-002|ACH-LRN-001|ACH-MST-001|ACH-TEAM-001,0,0,2,3,1,4,0,6,BLD|LED|OPR|PRT,1,1,{'baseline': 'ok'},,PASS
SYN-0292,Synthetic 292,MeritRoute,adult,en,returning,370,3,41.67,Bronze,5,50.0|0.0|0.0|65.0|10.0|0.0|40.0|85.0,45.0,Scout,83.33,49.0,0,0,27.5,Expanding,POSITIVE_STANDING,NOT_ELIGIBLE,52.2,NOT_ELIGIBLE,6,ACH-ACT-001|ACH-EVD-001|ACH-EVD-002|ACH-LRN-001|ACH-RET-001|ACH-TEAM-001,0,0,1,4,0,5,0,3,BLD|OPR,0,1,{'baseline': 'ok'},,PASS
SYN-0293,Synthetic 293,OpenFlight,minor,ar,minor_ar,450,3,64.17,Gold,7,65.0|50.0|60.0|75.0|75.0|60.0|0.0|40.0,45.0,Scout,83.33,49.0,0,0,43.75,Expanding,POSITIVE_STANDING,NOT_ELIGIBLE,50.7,NOT_ELIGIBLE,4,ACH-ACT-001|ACH-EVD-001|ACH-LRN-001|ACH-TEAM-001,0,0,1,3,0,6,0,5,BLD|OPR|PRT,0,1,{'baseline': 'ok'},,PASS
SYN-0294,Synthetic 294,OpenFlight,adult,ar,a11y_compressed,230,2,42.5,Bronze,5,50.0|50.0|0.0|0.0|40.0|0.0|40.0|75.0,22.5,Hatchling,73.33,49.0,0,0,22.5,Focused,NORMAL,NOT_ELIGIBLE,29.95,NOT_ELIGIBLE,3,ACH-ACT-001|ACH-EVD-001|ACH-LRN-001,0,0,0,1,0,2,0,2,BLD|OPR,0,1,{'baseline': 'ok'},,PASS
SYN-0295,Synthetic 295,Expedition,adult,en,team_passenger,170,2,35.0,Bronze,5,40.0|0.0|40.0|0.0|40.0|50.0|0.0|40.0,5.0,Hatchling,40.0,40.0,0,0,5.0,Focused,NORMAL,NOT_ELIGIBLE,19.0,NOT_ELIGIBLE,2,ACH-ACT-001|ACH-EVD-001,0,0,0,0,0,1,0,1,OPR,0,1,{'full_mastery_from_team': 'no'},,PASS
SYN-0296,Synthetic 296,MeritRoute,adult,en,team_strong,1345,5,70.83,Gold,8,75.0|85.0|75.0|10.0|50.0|75.0|30.0|65.0,66.25,Specialist,81.67,81.67,1,1,45.75,Expanding,POSITIVE_STANDING,STANDARD_TEMPLATE_ELIGIBLE_FOR_REVIEW,78.9,NOT_ELIGIBLE,7,ACH-ACT-001|ACH-CAP-001|ACH-EVD-001|ACH-LIVE-001|ACH-LRN-001|ACH-MST-001|ACH-TEAM-001,0,0,7,4,1,6,0,5,BLD|OPR|PRT,1,1,{'baseline': 'ok'},,PASS
SYN-0297,Synthetic 297,MeritRoute,adult,en,integrity,365,3,45.83,Silver,5,0.0|75.0|50.0|50.0|0.0|50.0|50.0|0.0,42.5,Scout,95.0,49.0,0,0,22.5,Focused,POSITIVE_STANDING,NOT_ELIGIBLE,51.2,NOT_ELIGIBLE,4,ACH-ACT-001|ACH-EVD-001|ACH-LRN-001|ACH-TEAM-001,0,0,1,4,0,2,0,2,BLD|PRT,0,1,{'baseline': 'ok'},,PASS
SYN-0298,Synthetic 298,WingPass,adult,ar,popular_weak,310,3,28.33,Iron,3,60.0|0.0|0.0|0.0|60.0|0.0|0.0|50.0,12.5,Hatchling,0.0,0.0,0,0,27.5,Expanding,NORMAL,NOT_ELIGIBLE,16.5,NOT_ELIGIBLE,3,ACH-ACT-001|ACH-LRN-001|ACH-TEAM-001,0,0,2,0,0,3,0,3,BLD|OPR,0,0,"{'mastery_from_popularity': 'no', 'prestige_from_popularity': 'no'}",,PASS
SYN-0299,Synthetic 299,Expedition,adult,en,steady,850,4,65.83,Gold,7,40.0|50.0|60.0|80.0|0.0|65.0|65.0|75.0,58.75,Pathfinder,80.0,80.0,1,1,55.0,Multi-Horizon,NORMAL,STANDARD_TEMPLATE_ELIGIBLE_FOR_REVIEW,61.0,NOT_ELIGIBLE,6,ACH-ACT-001|ACH-CAP-001|ACH-EVD-001|ACH-EVD-002|ACH-LRN-001|ACH-MST-001,0,0,0,2,1,5,0,6,BLD|LED|OPR|PRT,1,1,{'baseline': 'ok'},,PASS
SYN-0300,Synthetic 300,OpenFlight,adult,en,new,260,2,26.67,Iron,4,40.0|0.0|0.0|60.0|0.0|0.0|10.0|50.0,12.5,Hatchling,15.0,15.0,0,0,22.5,Focused,POSITIVE_STANDING,NOT_ELIGIBLE,24.5,NOT_ELIGIBLE,4,ACH-ACT-001|ACH-EVD-001|ACH-LRN-001|ACH-TEAM-001,0,0,2,0,0,2,0,2,BLD|PRT,0,1,{'baseline': 'ok'},,PASS
SYN-0301,Synthetic 301,WingPass,adult,ar,steady,910,4,65.83,Gold,6,0.0|75.0|50.0|75.0|0.0|60.0|75.0|60.0,66.25,Specialist,83.33,83.33,1,1,34.5,Expanding,POSITIVE_STANDING,PROGRESS_VISIBLE,72.15,NOT_ELIGIBLE,6,ACH-ACT-001|ACH-CAP-001|ACH-EVD-001|ACH-LRN-001|ACH-MST-001|ACH-TEAM-001,0,0,2,4,1,3,0,4,OPR|PRT,1,1,{'baseline': 'ok'},,PASS
SYN-0302,Synthetic 302,FlightPass,adult,en,high_act_low_ev,810,4,59.17,Silver,7,0.0|40.0|60.0|60.0|85.0|50.0|60.0|10.0,32.5,Hatchling,70.0,49.0,0,0,50.0,Multi-Horizon,POSITIVE_STANDING,NOT_ELIGIBLE,44.95,NOT_ELIGIBLE,4,ACH-ACT-001|ACH-EVD-001|ACH-LRN-001|ACH-TEAM-001,0,0,2,1,0,12,0,5,BLD|LED|OPR|PRT,0,1,"{'high_xp': 'yes', 'route_proven': 'no', 'title': 'no', 'prestige': 'no', 'mastery_strong': 'no'}",,PASS
SYN-0303,Synthetic 303,WingPass,adult,en,low_act_high_ev,995,4,60.83,Gold,8,40.0|60.0|50.0|50.0|50.0|70.0|85.0|50.0,63.75,Pathfinder,100.0,100.0,1,1,29.5,Expanding,POSITIVE_STANDING,PROGRESS_VISIBLE,73.65,NOT_ELIGIBLE,6,ACH-ACT-001|ACH-CAP-001|ACH-EVD-001|ACH-LRN-001|ACH-MST-001|ACH-TEAM-001,0,0,1,8,1,1,0,3,BLD|OPR,1,1,"{'route_proven': 'possible', 'mastery_strong': 'possible', 'not_punished_for_efficiency': 'yes'}",,PASS
SYN-0304,Synthetic 304,WingPass,adult,ar,experienced,1265,5,83.33,Platinum,8,65.0|85.0|85.0|75.0|85.0|85.0|85.0|60.0,86.25,Specialist,100.0,100.0,1,2,68.0,Multi-Horizon,NORMAL,STANDARD_TEMPLATE_ELIGIBLE_FOR_REVIEW,74.6,NOT_ELIGIBLE,7,ACH-ACT-001|ACH-BRD-001|ACH-CAP-001|ACH-EVD-001|ACH-LRN-001|ACH-MST-001|ACH-SEX-001,0,1,0,7,1,8,0,8,BLD|LED|OPR|PRT,1,1,{'baseline': 'ok'},,PASS
SYN-0305,Synthetic 305,OpenFlight,adult,en,new,340,3,35.83,Bronze,4,0.0|40.0|0.0|50.0|60.0|0.0|0.0|65.0,27.5,Hatchling,70.0,49.0,0,0,38.75,Expanding,NORMAL,NOT_ELIGIBLE,35.7,NOT_ELIGIBLE,4,ACH-ACT-001|ACH-EVD-001|ACH-LRN-001|ACH-TEAM-001,0,0,1,1,0,4,0,4,BLD|LED|PRT,0,1,{'baseline': 'ok'},,PASS
SYN-0306,Synthetic 306,Expedition,adult,en,merit,1070,5,72.5,Gold,8,65.0|70.0|50.0|65.0|75.0|85.0|75.0|60.0,66.25,Specialist,83.33,83.33,1,1,50.75,Multi-Horizon,POSITIVE_STANDING,STANDARD_TEMPLATE_ELIGIBLE_FOR_REVIEW,75.4,NOT_ELIGIBLE,7,ACH-ACT-001|ACH-CAP-001|ACH-EVD-001|ACH-EVD-002|ACH-LRN-001|ACH-MST-001|ACH-TEAM-001,0,0,2,4,1,6,0,6,LED|OPR|PRT,1,1,{'baseline': 'ok'},,PASS
SYN-0307,Synthetic 307,OpenFlight,adult,en,returning,260,2,36.67,Bronze,6,50.0|0.0|0.0|15.0|50.0|50.0|15.0|40.0,40.0,Scout,80.0,49.0,0,0,22.5,Focused,POSITIVE_STANDING,NOT_ELIGIBLE,39.2,NOT_ELIGIBLE,5,ACH-ACT-001|ACH-EVD-001|ACH-EVD-002|ACH-LRN-001|ACH-RET-001,0,0,0,2,0,5,0,2,BLD|OPR,0,1,{'baseline': 'ok'},,PASS
SYN-0308,Synthetic 308,Expedition,minor,ar,minor_ar,430,3,54.17,Silver,7,65.0|60.0|50.0|60.0|10.0|0.0|40.0|50.0,45.0,Scout,95.0,49.0,0,0,33.75,Expanding,POSITIVE_STANDING,NOT_ELIGIBLE,51.2,NOT_ELIGIBLE,4,ACH-ACT-001|ACH-EVD-001|ACH-LRN-001|ACH-TEAM-001,0,0,2,3,0,4,0,3,BLD|LED|PRT,0,1,{'baseline': 'ok'},,PASS
SYN-0309,Synthetic 309,Expedition,adult,ar,a11y_compressed,220,2,34.17,Bronze,4,40.0|75.0|0.0|40.0|50.0|0.0|0.0|0.0,37.5,Scout,95.0,49.0,0,0,22.5,Focused,NORMAL,NOT_ELIGIBLE,39.45,NOT_ELIGIBLE,2,ACH-ACT-001|ACH-EVD-001,0,0,0,3,0,2,0,2,OPR|PRT,0,1,{'baseline': 'ok'},,PASS
SYN-0310,Synthetic 310,OpenFlight,adult,en,team_passenger,405,3,55.0,Silver,7,50.0|50.0|60.0|50.0|60.0|60.0|0.0|50.0,25.0,Hatchling,70.0,49.0,0,0,43.75,Expanding,NORMAL,NOT_ELIGIBLE,34.2,NOT_ELIGIBLE,3,ACH-ACT-001|ACH-EVD-001|ACH-LRN-001,0,0,0,1,0,6,0,5,LED|OPR|PRT,0,1,{'full_mastery_from_team': 'no'},,PASS
SYN-0311,Synthetic 311,OpenFlight,adult,ar,team_strong,1275,5,69.17,Gold,8,60.0|60.0|60.0|75.0|85.0|30.0|50.0|75.0,66.25,Specialist,81.67,81.67,1,1,57.0,Multi-Horizon,POSITIVE_STANDING,STANDARD_TEMPLATE_ELIGIBLE_FOR_REVIEW,76.4,NOT_ELIGIBLE,7,ACH-ACT-001|ACH-CAP-001|ACH-EVD-001|ACH-LIVE-001|ACH-LRN-001|ACH-MST-001|ACH-TEAM-001,0,0,7,2,1,5,0,6,BLD|LED|OPR|PRT,1,1,{'baseline': 'ok'},,PASS
SYN-0312,Synthetic 312,WingPass,adult,en,integrity,310,3,40.83,Bronze,5,75.0|0.0|40.0|0.0|40.0|50.0|0.0|40.0,37.5,Scout,95.0,49.0,0,0,27.5,Expanding,NORMAL,NOT_ELIGIBLE,40.45,NOT_ELIGIBLE,3,ACH-ACT-001|ACH-EVD-001|ACH-LRN-001,0,0,0,3,0,3,0,3,LED|PRT,0,1,{'baseline': 'ok'},,PASS
SYN-0313,Synthetic 313,WingPass,adult,en,popular_weak,300,3,45.83,Silver,5,0.0|40.0|60.0|0.0|0.0|40.0|75.0|60.0,30.0,Hatchling,70.0,49.0,0,0,27.5,Expanding,NORMAL,NOT_ELIGIBLE,33.45,NOT_ELIGIBLE,4,ACH-ACT-001|ACH-EVD-001|ACH-LRN-001|ACH-TEAM-001,0,0,1,1,0,5,0,3,OPR|PRT,0,1,"{'mastery_from_popularity': 'no', 'prestige_from_popularity': 'no'}",,PASS
SYN-0314,Synthetic 314,Expedition,adult,en,steady,790,4,57.5,Silver,7,40.0|75.0|50.0|85.0|0.0|20.0|75.0|10.0,63.75,Pathfinder,78.33,78.33,1,1,40.75,Expanding,POSITIVE_STANDING,STANDARD_TEMPLATE_ELIGIBLE_FOR_REVIEW,64.65,NOT_ELIGIBLE,6,ACH-ACT-001|ACH-CAP-001|ACH-EVD-001|ACH-LRN-001|ACH-MST-001|ACH-TEAM-001,0,0,1,2,1,5,0,4,LED|OPR|PRT,1,1,{'baseline': 'ok'},,PASS
SYN-0315,Synthetic 315,OpenFlight,adult,en,new,140,2,11.67,Iron,3,50.0|0.0|0.0|0.0|10.0|0.0|0.0|10.0,12.5,Hatchling,0.0,0.0,0,0,5.0,Focused,NORMAL,NOT_ELIGIBLE,12.0,NOT_ELIGIBLE,3,ACH-ACT-001|ACH-LRN-001|ACH-TEAM-001,0,0,2,0,0,1,0,1,LED,0,0,{'baseline': 'ok'},,PASS
SYN-0316,Synthetic 316,Expedition,adult,ar,steady,750,4,62.5,Gold,6,40.0|50.0|75.0|85.0|0.0|0.0|75.0|50.0,63.75,Pathfinder,80.0,80.0,1,1,45.75,Expanding,POSITIVE_STANDING,STANDARD_TEMPLATE_ELIGIBLE_FOR_REVIEW,66.15,NOT_ELIGIBLE,7,ACH-ACT-001|ACH-CAP-001|ACH-EVD-001|ACH-EVD-002|ACH-LRN-001|ACH-MST-001|ACH-TEAM-001,0,0,1,2,1,4,0,5,BLD|LED|OPR,1,1,{'baseline': 'ok'},,PASS
SYN-0317,Synthetic 317,FlightPass,adult,en,high_act_low_ev,650,4,58.33,Silver,8,40.0|60.0|60.0|50.0|50.0|50.0|70.0|60.0,12.5,Hatchling,0.0,0.0,0,0,70.0,Integrated,NORMAL,NOT_ELIGIBLE,22.5,NOT_ELIGIBLE,3,ACH-ACT-001|ACH-LRN-001|ACH-TEAM-001,0,0,1,0,0,18,0,9,BLD|LED|OPR|PRT,0,1,"{'high_xp': 'yes', 'route_proven': 'no', 'title': 'no', 'prestige': 'no', 'mastery_strong': 'no'}",,PASS
SYN-0318,Synthetic 318,Expedition,adult,en,low_act_high_ev,900,4,53.33,Silver,8,40.0|10.0|40.0|50.0|50.0|60.0|70.0|50.0,63.75,Pathfinder,100.0,100.0,1,1,18.25,Focused,POSITIVE_STANDING,PROGRESS_VISIBLE,73.9,NOT_ELIGIBLE,4,ACH-CAP-001|ACH-EVD-001|ACH-MST-001|ACH-TEAM-001,0,0,2,7,1,0,0,2,OPR,1,1,"{'route_proven': 'possible', 'mastery_strong': 'possible', 'not_punished_for_efficiency': 'yes'}",,PASS
SYN-0319,Synthetic 319,WingPass,adult,en,experienced,1205,5,77.5,Platinum,8,75.0|50.0|50.0|85.0|75.0|75.0|70.0|85.0,86.25,Vanguard,100.0,100.0,1,2,60.0,Multi-Horizon,POSITIVE_STANDING,STANDARD_TEMPLATE_ELIGIBLE_FOR_REVIEW,80.0,ELIGIBLE_ASCENDANT_NOMINATION,8,ACH-ACT-001|ACH-BRD-001|ACH-CAP-001|ACH-EVD-001|ACH-LRN-001|ACH-MST-001|ACH-SEX-001|ACH-TEAM-001,0,1,1,8,1,5,0,6,BLD|LED|OPR|PRT,1,1,{'baseline': 'ok'},,PASS
SYN-0320,Synthetic 320,Expedition,adult,en,paid_idle,0,1,0.0,Iron,0,0.0|0.0|0.0|0.0|0.0|0.0|0.0|0.0,0.0,Hatchling,0.0,0.0,0,0,0.0,Focused,UNESTABLISHED,NOT_ELIGIBLE,1.5,NOT_ELIGIBLE,0,,0,0,0,0,0,0,0,0,,0,0,"{'xp': '0_or_near', 'momentum': 'Iron', 'mastery': 'none', 'route_proven': 'no'}",,PASS
SYN-0321,Synthetic 321,FlightPass,adult,ar,merit,1255,5,80.83,Platinum,8,40.0|75.0|85.0|90.0|85.0|75.0|75.0|50.0,63.75,Pathfinder,86.0,86.0,1,1,50.75,Multi-Horizon,POSITIVE_STANDING,STANDARD_TEMPLATE_ELIGIBLE_FOR_REVIEW,73.7,NOT_ELIGIBLE,7,ACH-ACT-001|ACH-CAP-001|ACH-EVD-001|ACH-EVD-002|ACH-LRN-001|ACH-MST-001|ACH-TEAM-001,0,0,1,6,1,6,0,6,LED|OPR|PRT,1,1,{'baseline': 'ok'},,PASS
SYN-0322,Synthetic 322,FlightPass,adult,en,returning,225,2,39.17,Bronze,4,75.0|0.0|0.0|55.0|0.0|0.0|55.0|50.0,40.0,Scout,83.33,49.0,0,0,27.5,Expanding,POSITIVE_STANDING,NOT_ELIGIBLE,40.2,NOT_ELIGIBLE,4,ACH-ACT-001|ACH-EVD-001|ACH-EVD-002|ACH-RET-001,0,0,0,2,0,5,0,3,BLD|OPR,0,1,{'baseline': 'ok'},,PASS
SYN-0323,Synthetic 323,Expedition,minor,ar,minor_ar,550,3,64.17,Gold,7,75.0|60.0|50.0|75.0|50.0|0.0|75.0|50.0,42.5,Scout,83.33,49.0,0,0,45.0,Expanding,POSITIVE_STANDING,NOT_ELIGIBLE,60.45,NOT_ELIGIBLE,4,ACH-ACT-001|ACH-EVD-001|ACH-LRN-001|ACH-TEAM-001,0,0,1,5,0,4,0,4,BLD|LED|OPR|PRT,0,1,{'baseline': 'ok'},,PASS
SYN-0324,Synthetic 324,OpenFlight,adult,en,a11y_compressed,240,2,27.5,Iron,3,0.0|40.0|0.0|75.0|50.0|0.0|0.0|0.0,37.5,Scout,95.0,49.0,0,0,5.0,Focused,NORMAL,NOT_ELIGIBLE,35.95,NOT_ELIGIBLE,3,ACH-ACT-001|ACH-EVD-001|ACH-LRN-001,0,0,0,3,0,1,0,1,OPR,0,0,{'baseline': 'ok'},,PASS
SYN-0325,Synthetic 325,WingPass,adult,en,team_passenger,110,2,20.0,Iron,3,0.0|0.0|40.0|0.0|40.0|0.0|0.0|40.0,22.5,Hatchling,66.67,49.0,0,0,5.0,Focused,NORMAL,NOT_ELIGIBLE,26.45,NOT_ELIGIBLE,2,ACH-ACT-001|ACH-EVD-001,0,0,0,1,0,1,0,1,BLD,0,0,{'full_mastery_from_team': 'no'},,PASS
SYN-0326,Synthetic 326,Expedition,adult,ar,team_strong,1470,5,78.33,Platinum,8,65.0|85.0|75.0|10.0|65.0|85.0|85.0|75.0,66.25,Specialist,83.33,83.33,1,1,50.75,Multi-Horizon,POSITIVE_STANDING,STANDARD_TEMPLATE_ELIGIBLE_FOR_REVIEW,80.4,NOT_ELIGIBLE,7,ACH-ACT-001|ACH-CAP-001|ACH-EVD-001|ACH-LIVE-001|ACH-LRN-001|ACH-MST-001|ACH-TEAM-001,0,0,8,5,1,7,0,6,LED|OPR|PRT,1,1,{'baseline': 'ok'},,PASS
SYN-0327,Synthetic 327,FlightPass,adult,en,integrity,300,3,42.5,Bronze,6,50.0|0.0|40.0|10.0|65.0|50.0|0.0|40.0,42.5,Scout,76.67,49.0,0,0,33.75,Expanding,POSITIVE_STANDING,NOT_ELIGIBLE,43.95,NOT_ELIGIBLE,4,ACH-ACT-001|ACH-EVD-001|ACH-LRN-001|ACH-TEAM-001,0,0,1,2,0,3,0,3,BLD|OPR|PRT,0,1,{'baseline': 'ok'},,PASS
SYN-0328,Synthetic 328,WingPass,adult,en,popular_weak,350,3,46.67,Silver,6,0.0|50.0|50.0|10.0|0.0|40.0|60.0|70.0,15.0,Hatchling,0.0,0.0,0,0,32.5,Expanding,NORMAL,NOT_ELIGIBLE,17.5,NOT_ELIGIBLE,3,ACH-ACT-001|ACH-LRN-001|ACH-TEAM-001,0,0,2,0,0,5,0,4,OPR|PRT,0,1,"{'mastery_from_popularity': 'no', 'prestige_from_popularity': 'no'}",,PASS
SYN-0329,Synthetic 329,OpenFlight,adult,en,steady,1005,5,70.0,Gold,6,75.0|0.0|50.0|65.0|0.0|60.0|85.0|85.0,66.25,Specialist,81.67,81.67,1,1,57.0,Multi-Horizon,POSITIVE_STANDING,STANDARD_TEMPLATE_ELIGIBLE_FOR_REVIEW,76.15,NOT_ELIGIBLE,7,ACH-ACT-001|ACH-CAP-001|ACH-EVD-001|ACH-EVD-002|ACH-LRN-001|ACH-MST-001|ACH-TEAM-001,0,0,2,3,1,5,0,6,BLD|LED|OPR|PRT,1,1,{'baseline': 'ok'},,PASS
SYN-0330,Synthetic 330,OpenFlight,adult,ar,new,280,2,41.67,Bronze,6,50.0|50.0|10.0|40.0|0.0|40.0|60.0|0.0,10.0,Hatchling,15.0,15.0,0,0,38.75,Expanding,NORMAL,NOT_ELIGIBLE,20.75,NOT_ELIGIBLE,4,ACH-ACT-001|ACH-EVD-001|ACH-LRN-001|ACH-TEAM-001,0,0,1,0,0,4,0,4,BLD|LED|PRT,0,1,{'baseline': 'ok'},,PASS
SYN-0331,Synthetic 331,MeritRoute,adult,ar,steady,1030,5,73.33,Gold,7,40.0|50.0|75.0|80.0|0.0|65.0|85.0|85.0,63.75,Pathfinder,81.67,81.67,1,1,50.75,Multi-Horizon,POSITIVE_STANDING,STANDARD_TEMPLATE_ELIGIBLE_FOR_REVIEW,72.4,NOT_ELIGIBLE,7,ACH-ACT-001|ACH-CAP-001|ACH-EVD-001|ACH-EVD-002|ACH-LRN-001|ACH-MST-001|ACH-TEAM-001,0,0,1,5,1,5,0,6,BLD|LED|OPR,1,1,{'baseline': 'ok'},,PASS
SYN-0332,Synthetic 332,Expedition,adult,ar,high_act_low_ev,910,4,58.33,Silver,8,40.0|60.0|70.0|50.0|60.0|50.0|50.0|60.0,15.0,Hatchling,0.0,0.0,0,0,70.0,Integrated,NORMAL,NOT_ELIGIBLE,27.5,NOT_ELIGIBLE,3,ACH-ACT-001|ACH-LRN-001|ACH-TEAM-001,0,0,3,0,0,18,0,9,BLD|LED|OPR|PRT,0,1,"{'high_xp': 'yes', 'route_proven': 'no', 'title': 'no', 'prestige': 'no', 'mastery_strong': 'no'}",,PASS
SYN-0333,Synthetic 333,FlightPass,adult,en,low_act_high_ev,930,4,57.5,Silver,8,65.0|50.0|50.0|60.0|50.0|50.0|70.0|50.0,63.75,Pathfinder,100.0,100.0,1,1,29.5,Expanding,POSITIVE_STANDING,PROGRESS_VISIBLE,73.65,NOT_ELIGIBLE,5,ACH-ACT-001|ACH-CAP-001|ACH-EVD-001|ACH-MST-001|ACH-TEAM-001,0,0,1,8,1,1,0,3,OPR|PRT,1,1,"{'route_proven': 'possible', 'mastery_strong': 'possible', 'not_punished_for_efficiency': 'yes'}",,PASS
SYN-0334,Synthetic 334,FlightPass,adult,en,experienced,1010,5,65.83,Gold,8,40.0|50.0|50.0|75.0|60.0|85.0|10.0|75.0,86.25,Vanguard,100.0,100.0,1,2,65.0,Multi-Horizon,POSITIVE_STANDING,STANDARD_TEMPLATE_ELIGIBLE_FOR_REVIEW,81.0,ELIGIBLE_ASCENDANT_NOMINATION,8,ACH-ACT-001|ACH-BRD-001|ACH-CAP-001|ACH-EVD-001|ACH-LRN-001|ACH-MST-001|ACH-SEX-001|ACH-TEAM-001,0,1,1,5,1,5,0,7,BLD|LED|OPR|PRT,1,1,{'baseline': 'ok'},,PASS
SYN-0335,Synthetic 335,FlightPass,adult,ar,new,260,2,31.67,Bronze,4,50.0|60.0|0.0|40.0|0.0|0.0|40.0|0.0,42.5,Scout,85.0,49.0,0,0,22.5,Focused,POSITIVE_STANDING,NOT_ELIGIBLE,41.7,NOT_ELIGIBLE,4,ACH-ACT-001|ACH-EVD-001|ACH-LRN-001|ACH-TEAM-001,0,0,1,2,0,2,0,2,LED|OPR,0,1,{'baseline': 'ok'},,PASS
SYN-0336,Synthetic 336,WingPass,adult,en,merit,1040,5,73.33,Gold,8,75.0|85.0|50.0|50.0|50.0|80.0|75.0|75.0,63.75,Pathfinder,85.0,85.0,1,1,45.75,Expanding,POSITIVE_STANDING,STANDARD_TEMPLATE_ELIGIBLE_FOR_REVIEW,72.4,NOT_ELIGIBLE,7,ACH-ACT-001|ACH-CAP-001|ACH-EVD-001|ACH-EVD-002|ACH-LRN-001|ACH-MST-001|ACH-TEAM-001,0,0,1,3,1,5,0,5,BLD|OPR|PRT,1,1,{'baseline': 'ok'},,PASS
SYN-0337,Synthetic 337,WingPass,adult,ar,returning,150,2,28.33,Iron,5,10.0|0.0|0.0|40.0|0.0|65.0|15.0|40.0,22.5,Hatchling,76.67,49.0,0,0,22.5,Focused,POSITIVE_STANDING,NOT_ELIGIBLE,34.45,NOT_ELIGIBLE,4,ACH-ACT-001|ACH-EVD-001|ACH-EVD-002|ACH-RET-001,0,0,0,1,0,4,0,2,BLD|OPR,0,1,{'baseline': 'ok'},,PASS
SYN-0338,Synthetic 338,WingPass,minor,ar,minor_ar,200,2,25.83,Iron,4,40.0|0.0|0.0|40.0|0.0|0.0|65.0|10.0,27.5,Hatchling,66.67,49.0,0,0,16.25,Focused,POSITIVE_STANDING,NOT_ELIGIBLE,35.7,NOT_ELIGIBLE,3,ACH-ACT-001|ACH-EVD-001|ACH-TEAM-001,0,0,1,1,0,2,0,2,BLD,0,1,{'baseline': 'ok'},,PASS
SYN-0339,Synthetic 339,MeritRoute,adult,en,a11y_compressed,380,3,39.17,Bronze,4,50.0|0.0|0.0|75.0|70.0|0.0|40.0|0.0,45.0,Scout,85.0,49.0,0,0,27.5,Expanding,POSITIVE_STANDING,NOT_ELIGIBLE,45.2,NOT_ELIGIBLE,4,ACH-ACT-001|ACH-EVD-001|ACH-LRN-001|ACH-TEAM-001,0,0,2,2,0,3,0,3,BLD|PRT,0,1,{'baseline': 'ok'},,PASS
SYN-0340,Synthetic 340,OpenFlight,adult,en,team_passenger,165,2,16.67,Iron,2,50.0|0.0|0.0|0.0|0.0|0.0|50.0|0.0,5.0,Hatchling,0.0,0.0,0,0,22.5,Focused,NORMAL,NOT_ELIGIBLE,10.5,NOT_ELIGIBLE,2,ACH-ACT-001|ACH-LRN-001,0,0,0,0,0,2,0,2,BLD|PRT,0,0,{'full_mastery_from_team': 'no'},,PASS
SYN-0341,Synthetic 341,MeritRoute,adult,en,team_strong,1315,5,72.5,Gold,8,50.0|85.0|20.0|75.0|60.0|60.0|75.0|80.0,66.25,Specialist,86.0,86.0,1,1,45.75,Expanding,POSITIVE_STANDING,STANDARD_TEMPLATE_ELIGIBLE_FOR_REVIEW,80.2,NOT_ELIGIBLE,7,ACH-ACT-001|ACH-CAP-001|ACH-EVD-001|ACH-LIVE-001|ACH-LRN-001|ACH-MST-001|ACH-TEAM-001,0,0,6,6,1,4,0,5,BLD|LED|OPR,1,1,{'baseline': 'ok'},,PASS
SYN-0342,Synthetic 342,WingPass,adult,en,integrity,565,3,68.33,Gold,7,40.0|85.0|50.0|85.0|75.0|50.0|0.0|65.0,45.0,Scout,86.67,49.0,0,0,50.0,Multi-Horizon,POSITIVE_STANDING,NOT_ELIGIBLE,47.2,NOT_ELIGIBLE,4,ACH-ACT-001|ACH-EVD-001|ACH-LRN-001|ACH-TEAM-001,0,0,1,2,0,5,0,5,BLD|LED|OPR|PRT,0,1,{'baseline': 'ok'},,PASS
SYN-0343,Synthetic 343,MeritRoute,adult,en,popular_weak,305,3,45.0,Silver,5,0.0|50.0|60.0|60.0|0.0|40.0|60.0|0.0,27.5,Hatchling,70.0,49.0,0,0,33.75,Expanding,NORMAL,NOT_ELIGIBLE,34.7,NOT_ELIGIBLE,4,ACH-ACT-001|ACH-EVD-001|ACH-LRN-001|ACH-TEAM-001,0,0,1,1,0,4,0,3,BLD|OPR|PRT,0,1,"{'mastery_from_popularity': 'no', 'prestige_from_popularity': 'no'}",,PASS
SYN-0344,Synthetic 344,FlightPass,adult,ar,steady,1005,5,74.17,Gold,7,65.0|60.0|85.0|75.0|0.0|75.0|50.0|85.0,66.25,Specialist,86.0,86.0,1,1,67.0,Multi-Horizon,POSITIVE_STANDING,STANDARD_TEMPLATE_ELIGIBLE_FOR_REVIEW,79.45,NOT_ELIGIBLE,6,ACH-ACT-001|ACH-CAP-001|ACH-EVD-001|ACH-LRN-001|ACH-MST-001|ACH-TEAM-001,0,0,2,5,1,7,0,8,BLD|LED|OPR|PRT,1,1,{'baseline': 'ok'},,PASS
SYN-0345,Synthetic 345,OpenFlight,adult,en,new,235,2,31.67,Bronze,4,0.0|0.0|40.0|0.0|50.0|50.0|50.0|0.0,22.5,Hatchling,70.0,49.0,0,0,33.75,Expanding,NORMAL,NOT_ELIGIBLE,32.2,NOT_ELIGIBLE,3,ACH-ACT-001|ACH-EVD-001|ACH-LRN-001,0,0,0,1,0,3,0,3,BLD|LED|PRT,0,1,{'baseline': 'ok'},,PASS
SYN-0346,Synthetic 346,FlightPass,adult,en,steady,920,4,68.33,Gold,6,50.0|50.0|75.0|85.0|0.0|65.0|85.0|0.0,63.75,Pathfinder,78.33,78.33,1,1,67.0,Multi-Horizon,POSITIVE_STANDING,STANDARD_TEMPLATE_ELIGIBLE_FOR_REVIEW,69.9,NOT_ELIGIBLE,6,ACH-ACT-001|ACH-CAP-001|ACH-EVD-001|ACH-LRN-001|ACH-MST-001|ACH-TEAM-001,0,0,1,2,1,6,0,8,BLD|LED|OPR|PRT,1,1,{'baseline': 'ok'},,PASS
SYN-0347,Synthetic 347,MeritRoute,adult,en,high_act_low_ev,600,4,55.0,Silver,7,0.0|40.0|60.0|60.0|10.0|60.0|60.0|50.0,15.0,Hatchling,0.0,0.0,0,0,60.0,Multi-Horizon,NORMAL,NOT_ELIGIBLE,23.0,NOT_ELIGIBLE,3,ACH-ACT-001|ACH-LRN-001|ACH-TEAM-001,0,0,2,0,0,12,0,7,BLD|LED|OPR|PRT,0,1,"{'high_xp': 'yes', 'route_proven': 'no', 'title': 'no', 'prestige': 'no', 'mastery_strong': 'no'}",,PASS
SYN-0348,Synthetic 348,WingPass,adult,en,low_act_high_ev,1035,5,60.83,Gold,8,65.0|60.0|60.0|50.0|50.0|80.0|50.0|50.0,66.25,Specialist,100.0,100.0,1,1,29.5,Expanding,POSITIVE_STANDING,PROGRESS_VISIBLE,78.65,NOT_ELIGIBLE,5,ACH-ACT-001|ACH-CAP-001|ACH-EVD-001|ACH-MST-001|ACH-TEAM-001,0,0,3,8,1,1,0,3,BLD|OPR,1,1,"{'route_proven': 'possible', 'mastery_strong': 'possible', 'not_punished_for_efficiency': 'yes'}",,PASS
SYN-0349,Synthetic 349,MeritRoute,adult,en,experienced,1055,5,67.5,Gold,8,65.0|50.0|60.0|85.0|50.0|85.0|50.0|60.0,86.25,Vanguard,100.0,100.0,1,2,65.0,Multi-Horizon,POSITIVE_STANDING,STANDARD_TEMPLATE_ELIGIBLE_FOR_REVIEW,81.0,ELIGIBLE_ASCENDANT_NOMINATION,8,ACH-ACT-001|ACH-BRD-001|ACH-CAP-001|ACH-EVD-001|ACH-LRN-001|ACH-MST-001|ACH-SEX-001|ACH-TEAM-001,0,1,1,7,1,4,0,7,BLD|LED|OPR|PRT,1,1,{'baseline': 'ok'},,PASS
SYN-0350,Synthetic 350,OpenFlight,adult,ar,new,340,3,41.67,Bronze,6,40.0|60.0|60.0|10.0|40.0|0.0|40.0|0.0,45.0,Scout,76.67,49.0,0,0,22.5,Focused,POSITIVE_STANDING,NOT_ELIGIBLE,44.2,NOT_ELIGIBLE,4,ACH-ACT-001|ACH-EVD-001|ACH-LRN-001|ACH-TEAM-001,0,0,2,2,0,2,0,2,BLD|OPR,0,1,{'baseline': 'ok'},,PASS
SYN-0351,Synthetic 351,Expedition,adult,ar,merit,910,4,68.33,Gold,7,40.0|50.0|75.0|60.0|85.0|75.0|65.0|0.0,58.75,Pathfinder,81.67,81.67,1,1,60.0,Multi-Horizon,NORMAL,STANDARD_TEMPLATE_ELIGIBLE_FOR_REVIEW,67.25,NOT_ELIGIBLE,6,ACH-ACT-001|ACH-CAP-001|ACH-EVD-001|ACH-EVD-002|ACH-LRN-001|ACH-MST-001,0,0,0,3,1,5,0,7,BLD|LED|OPR|PRT,1,1,{'baseline': 'ok'},,PASS
SYN-0352,Synthetic 352,OpenFlight,adult,en,returning,450,3,52.5,Silver,5,50.0|0.0|0.0|55.0|85.0|0.0|50.0|75.0,45.0,Scout,86.67,49.0,0,0,27.5,Expanding,POSITIVE_STANDING,NOT_ELIGIBLE,56.95,NOT_ELIGIBLE,6,ACH-ACT-001|ACH-EVD-001|ACH-EVD-002|ACH-LRN-001|ACH-RET-001|ACH-TEAM-001,0,0,1,5,0,5,0,3,LED|OPR,0,1,{'baseline': 'ok'},,PASS
SYN-0353,Synthetic 353,Expedition,minor,ar,minor_ar,425,3,51.67,Silver,6,50.0|75.0|60.0|0.0|65.0|10.0|50.0|0.0,45.0,Scout,85.0,49.0,0,0,45.0,Expanding,POSITIVE_STANDING,NOT_ELIGIBLE,46.2,NOT_ELIGIBLE,4,ACH-ACT-001|ACH-EVD-001|ACH-LRN-001|ACH-TEAM-001,0,0,1,2,0,5,0,4,BLD|LED|OPR|PRT,0,1,{'baseline': 'ok'},,PASS
SYN-0354,Synthetic 354,WingPass,adult,en,a11y_compressed,130,2,28.33,Iron,4,40.0|0.0|0.0|0.0|40.0|0.0|40.0|50.0,22.5,Hatchling,66.67,49.0,0,0,16.25,Focused,NORMAL,NOT_ELIGIBLE,28.7,NOT_ELIGIBLE,2,ACH-ACT-001|ACH-EVD-001,0,0,0,1,0,2,0,2,PRT,0,1,{'baseline': 'ok'},,PASS
SYN-0355,Synthetic 355,OpenFlight,adult,en,team_passenger,260,2,27.5,Iron,3,0.0|75.0|0.0|0.0|0.0|40.0|0.0|50.0,37.5,Scout,85.0,49.0,0,0,22.5,Focused,NORMAL,NOT_ELIGIBLE,34.7,NOT_ELIGIBLE,3,ACH-ACT-001|ACH-EVD-001|ACH-LRN-001,0,0,0,2,0,2,0,2,BLD|LED,0,0,{'full_mastery_from_team': 'no'},,PASS
SYN-0356,Synthetic 356,Expedition,adult,en,team_strong,1130,5,62.5,Gold,7,65.0|60.0|50.0|75.0|0.0|75.0|20.0|50.0,66.25,Specialist,81.67,81.67,1,1,45.75,Expanding,POSITIVE_STANDING,STANDARD_TEMPLATE_ELIGIBLE_FOR_REVIEW,78.9,NOT_ELIGIBLE,6,ACH-ACT-001|ACH-CAP-001|ACH-EVD-001|ACH-LIVE-001|ACH-MST-001|ACH-TEAM-001,0,0,4,5,1,3,0,5,LED|OPR|PRT,1,1,{'baseline': 'ok'},,PASS
SYN-0357,Synthetic 357,Expedition,adult,en,integrity,515,3,60.83,Gold,8,50.0|85.0|50.0|60.0|60.0|50.0|60.0|50.0,40.0,Scout,80.0,49.0,0,0,38.75,Expanding,NORMAL,NOT_ELIGIBLE,37.95,NOT_ELIGIBLE,3,ACH-ACT-001|ACH-EVD-001|ACH-LRN-001,0,0,0,2,0,5,0,4,BLD|OPR|PRT,0,1,{'baseline': 'ok'},,PASS
SYN-0358,Synthetic 358,FlightPass,adult,en,popular_weak,240,2,35.83,Bronze,5,40.0|10.0|0.0|0.0|40.0|75.0|0.0|50.0,27.5,Hatchling,70.0,49.0,0,0,33.75,Expanding,NORMAL,NOT_ELIGIBLE,34.7,NOT_ELIGIBLE,4,ACH-ACT-001|ACH-EVD-001|ACH-LRN-001|ACH-TEAM-001,0,0,1,1,0,4,0,3,BLD|LED|OPR,0,1,"{'mastery_from_popularity': 'no', 'prestige_from_popularity': 'no'}",,PASS
SYN-0359,Synthetic 359,OpenFlight,adult,ar,steady,960,4,74.17,Gold,7,65.0|85.0|75.0|75.0|0.0|70.0|15.0|75.0,63.75,Pathfinder,83.33,83.33,1,1,39.5,Expanding,POSITIVE_STANDING,PROGRESS_VISIBLE,70.65,NOT_ELIGIBLE,7,ACH-ACT-001|ACH-CAP-001|ACH-EVD-001|ACH-EVD-002|ACH-LRN-001|ACH-MST-001|ACH-TEAM-001,0,0,1,3,1,5,0,5,OPR|PRT,1,1,{'baseline': 'ok'},,PASS
SYN-0360,Synthetic 360,WingPass,adult,ar,new,350,3,51.67,Silver,6,0.0|40.0|75.0|50.0|85.0|10.0|0.0|50.0,45.0,Scout,80.0,49.0,0,0,27.5,Expanding,POSITIVE_STANDING,NOT_ELIGIBLE,45.2,NOT_ELIGIBLE,4,ACH-ACT-001|ACH-EVD-001|ACH-LRN-001|ACH-TEAM-001,0,0,2,2,0,3,0,3,BLD|LED,0,1,{'baseline': 'ok'},,PASS
SYN-0361,Synthetic 361,MeritRoute,adult,en,steady,720,4,62.5,Gold,7,75.0|75.0|50.0|65.0|0.0|60.0|50.0|50.0,55.0,Pathfinder,75.0,75.0,1,1,55.0,Multi-Horizon,NORMAL,STANDARD_TEMPLATE_ELIGIBLE_FOR_REVIEW,54.75,NOT_ELIGIBLE,6,ACH-ACT-001|ACH-CAP-001|ACH-EVD-001|ACH-EVD-002|ACH-LRN-001|ACH-MST-001,0,0,0,1,1,6,0,6,BLD|LED|OPR|PRT,1,1,{'baseline': 'ok'},,PASS
SYN-0362,Synthetic 362,MeritRoute,adult,ar,high_act_low_ev,660,4,53.33,Silver,8,50.0|50.0|50.0|50.0|60.0|50.0|60.0|50.0,7.5,Hatchling,0.0,0.0,0,0,70.0,Integrated,NORMAL,NOT_ELIGIBLE,20.0,NOT_ELIGIBLE,2,ACH-ACT-001|ACH-LRN-001,0,0,0,0,0,18,0,9,BLD|LED|OPR|PRT,0,1,"{'high_xp': 'yes', 'route_proven': 'no', 'title': 'no', 'prestige': 'no', 'mastery_strong': 'no'}",,PASS
SYN-0363,Synthetic 363,OpenFlight,adult,ar,low_act_high_ev,920,4,53.33,Silver,8,50.0|50.0|50.0|50.0|50.0|70.0|50.0|50.0,61.25,Pathfinder,100.0,100.0,1,1,18.25,Focused,POSITIVE_STANDING,PROGRESS_VISIBLE,71.4,NOT_ELIGIBLE,4,ACH-CAP-001|ACH-EVD-001|ACH-MST-001|ACH-TEAM-001,0,0,1,8,1,0,0,2,OPR,1,1,"{'route_proven': 'possible', 'mastery_strong': 'possible', 'not_punished_for_efficiency': 'yes'}",,PASS
SYN-0364,Synthetic 364,FlightPass,adult,en,experienced,1140,5,73.33,Gold,7,40.0|85.0|85.0|60.0|60.0|85.0|0.0|65.0,86.25,Vanguard,100.0,100.0,1,2,70.0,Integrated,POSITIVE_STANDING,STANDARD_TEMPLATE_ELIGIBLE_FOR_REVIEW,87.0,ELIGIBLE_ASCENDANT_NOMINATION,8,ACH-ACT-001|ACH-BRD-001|ACH-CAP-001|ACH-EVD-001|ACH-LRN-001|ACH-MST-001|ACH-SEX-001|ACH-TEAM-001,0,1,3,6,1,5,0,8,BLD|LED|OPR|PRT,1,1,{'baseline': 'ok'},,PASS
SYN-0365,Synthetic 365,OpenFlight,adult,en,new,130,2,21.67,Iron,4,40.0|10.0|0.0|0.0|0.0|40.0|0.0|40.0,27.5,Hatchling,70.0,49.0,0,0,22.5,Focused,NORMAL,NOT_ELIGIBLE,32.45,NOT_ELIGIBLE,3,ACH-ACT-001|ACH-EVD-001|ACH-TEAM-001,0,0,1,1,0,2,0,2,BLD|LED,0,1,{'baseline': 'ok'},,PASS
SYN-0366,Synthetic 366,MeritRoute,adult,en,merit,895,4,56.67,Silver,6,40.0|50.0|85.0|0.0|65.0|20.0|80.0|0.0,63.75,Pathfinder,81.67,81.67,1,1,40.75,Expanding,POSITIVE_STANDING,STANDARD_TEMPLATE_ELIGIBLE_FOR_REVIEW,70.4,NOT_ELIGIBLE,7,ACH-ACT-001|ACH-CAP-001|ACH-EVD-001|ACH-EVD-002|ACH-LRN-001|ACH-MST-001|ACH-TEAM-001,0,0,1,3,1,4,0,4,LED|OPR|PRT,1,1,{'baseline': 'ok'},,PASS
SYN-0367,Synthetic 367,WingPass,adult,en,returning,295,2,40.83,Bronze,5,10.0|0.0|0.0|0.0|40.0|50.0|85.0|60.0,40.0,Scout,80.0,49.0,0,0,45.0,Expanding,POSITIVE_STANDING,NOT_ELIGIBLE,43.7,NOT_ELIGIBLE,4,ACH-ACT-001|ACH-EVD-001|ACH-LRN-001|ACH-RET-001,0,0,0,2,0,6,0,4,BLD|LED|OPR|PRT,0,1,{'baseline': 'ok'},,PASS
SYN-0368,Synthetic 368,FlightPass,minor,ar,minor_ar,370,3,54.17,Silver,6,50.0|50.0|0.0|50.0|0.0|40.0|50.0|85.0,37.5,Scout,95.0,49.0,0,0,32.5,Expanding,NORMAL,NOT_ELIGIBLE,41.45,NOT_ELIGIBLE,3,ACH-ACT-001|ACH-EVD-001|ACH-LRN-001,0,0,0,3,0,4,0,4,BLD|PRT,0,1,{'baseline': 'ok'},,PASS
SYN-0369,Synthetic 369,WingPass,adult,en,a11y_compressed,350,3,50.0,Silver,5,65.0|0.0|0.0|50.0|60.0|0.0|50.0|75.0,42.5,Scout,76.67,49.0,0,0,38.75,Expanding,POSITIVE_STANDING,NOT_ELIGIBLE,44.95,NOT_ELIGIBLE,4,ACH-ACT-001|ACH-EVD-001|ACH-LRN-001|ACH-TEAM-001,0,0,1,2,0,4,0,4,BLD|LED|PRT,0,1,{'baseline': 'ok'},,PASS
SYN-0370,Synthetic 370,FlightPass,adult,en,team_passenger,175,2,38.33,Bronze,4,65.0|0.0|75.0|0.0|40.0|50.0|0.0|0.0,5.0,Hatchling,30.0,30.0,0,0,27.5,Expanding,NORMAL,NOT_ELIGIBLE,20.5,NOT_ELIGIBLE,3,ACH-ACT-001|ACH-EVD-001|ACH-LRN-001,0,0,0,0,0,4,0,3,BLD|OPR,0,1,{'full_mastery_from_team': 'no'},,PASS
SYN-0371,Synthetic 371,WingPass,adult,en,team_strong,1575,6,77.5,Platinum,8,50.0|85.0|60.0|85.0|75.0|85.0|75.0|60.0,66.25,Specialist,85.0,85.0,1,1,50.75,Multi-Horizon,POSITIVE_STANDING,STANDARD_TEMPLATE_ELIGIBLE_FOR_REVIEW,80.9,NOT_ELIGIBLE,7,ACH-ACT-001|ACH-CAP-001|ACH-EVD-001|ACH-LIVE-001|ACH-LRN-001|ACH-MST-001|ACH-TEAM-001,0,0,7,4,1,6,0,6,LED|OPR|PRT,1,1,{'baseline': 'ok'},,PASS
SYN-0372,Synthetic 372,MeritRoute,adult,en,integrity,190,2,37.5,Bronze,4,40.0|0.0|50.0|60.0|75.0|0.0|0.0|0.0,22.5,Hatchling,70.0,49.0,0,0,32.5,Expanding,NORMAL,NOT_ELIGIBLE,31.95,NOT_ELIGIBLE,3,ACH-ACT-001|ACH-EVD-001|ACH-LRN-001,0,0,0,1,0,4,0,4,LED|OPR,0,1,{'baseline': 'ok'},,PASS
SYN-0373,Synthetic 373,MeritRoute,adult,ar,popular_weak,455,3,59.17,Silver,6,0.0|40.0|75.0|60.0|60.0|70.0|0.0|50.0,15.0,Hatchling,15.0,15.0,0,0,43.75,Expanding,POSITIVE_STANDING,NOT_ELIGIBLE,28.75,NOT_ELIGIBLE,4,ACH-ACT-001|ACH-EVD-001|ACH-LRN-001|ACH-TEAM-001,0,0,2,0,0,6,0,5,BLD|LED|OPR,0,1,"{'mastery_from_popularity': 'no', 'prestige_from_popularity': 'no'}",,PASS
SYN-0374,Synthetic 374,OpenFlight,adult,en,steady,700,4,61.67,Gold,6,40.0|0.0|40.0|65.0|0.0|65.0|85.0|75.0,60.0,Pathfinder,76.67,76.67,1,1,57.0,Multi-Horizon,POSITIVE_STANDING,STANDARD_TEMPLATE_ELIGIBLE_FOR_REVIEW,62.65,NOT_ELIGIBLE,6,ACH-ACT-001|ACH-CAP-001|ACH-EVD-001|ACH-EVD-002|ACH-MST-001|ACH-TEAM-001,0,0,1,1,1,4,0,6,BLD|LED|OPR|PRT,1,1,{'baseline': 'ok'},,PASS
SYN-0375,Synthetic 375,OpenFlight,adult,en,new,280,2,42.5,Bronze,5,40.0|0.0|0.0|40.0|75.0|60.0|0.0|40.0,42.5,Scout,83.33,49.0,0,0,22.5,Focused,POSITIVE_STANDING,NOT_ELIGIBLE,46.45,NOT_ELIGIBLE,3,ACH-ACT-001|ACH-EVD-001|ACH-TEAM-001,0,0,1,3,0,2,0,2,BLD|PRT,0,1,{'baseline': 'ok'},,PASS
SYN-0376,Synthetic 376,OpenFlight,adult,en,steady,1130,5,75.0,Platinum,6,75.0|60.0|0.0|75.0|0.0|75.0|90.0|75.0,66.25,Specialist,81.67,81.67,1,1,57.0,Multi-Horizon,POSITIVE_STANDING,STANDARD_TEMPLATE_ELIGIBLE_FOR_REVIEW,76.15,NOT_ELIGIBLE,7,ACH-ACT-001|ACH-CAP-001|ACH-EVD-001|ACH-EVD-002|ACH-LRN-001|ACH-MST-001|ACH-TEAM-001,0,0,2,4,1,6,0,6,BLD|LED|OPR|PRT,1,1,{'baseline': 'ok'},,PASS
SYN-0377,Synthetic 377,MeritRoute,adult,en,high_act_low_ev,620,4,56.67,Silver,8,50.0|50.0|60.0|10.0|40.0|60.0|60.0|60.0,15.0,Hatchling,0.0,0.0,0,0,75.0,Integrated,NORMAL,NOT_ELIGIBLE,26.0,NOT_ELIGIBLE,3,ACH-ACT-001|ACH-LRN-001|ACH-TEAM-001,0,0,2,0,0,16,0,10,BLD|LED|OPR|PRT,0,1,"{'high_xp': 'yes', 'route_proven': 'no', 'title': 'no', 'prestige': 'no', 'mastery_strong': 'no'}",,PASS
SYN-0378,Synthetic 378,OpenFlight,adult,ar,low_act_high_ev,880,4,61.67,Gold,7,40.0|50.0|50.0|85.0|50.0|50.0|85.0|0.0,58.75,Pathfinder,100.0,100.0,1,1,38.75,Expanding,NORMAL,PROGRESS_VISIBLE,68.5,NOT_ELIGIBLE,5,ACH-ACT-001|ACH-CAP-001|ACH-EVD-001|ACH-LRN-001|ACH-MST-001,0,0,0,7,1,2,0,4,LED|OPR|PRT,1,1,"{'route_proven': 'possible', 'mastery_strong': 'possible', 'not_punished_for_efficiency': 'yes'}",,PASS
SYN-0379,Synthetic 379,WingPass,adult,en,experienced,1150,5,71.67,Gold,8,50.0|75.0|10.0|40.0|85.0|85.0|85.0|50.0,86.25,Vanguard,100.0,100.0,1,2,48.75,Expanding,POSITIVE_STANDING,STANDARD_TEMPLATE_ELIGIBLE_FOR_REVIEW,80.25,ELIGIBLE_ASCENDANT_NOMINATION,8,ACH-ACT-001|ACH-BRD-001|ACH-CAP-001|ACH-EVD-001|ACH-LRN-001|ACH-MST-001|ACH-SEX-001|ACH-TEAM-001,0,1,2,7,1,4,0,5,BLD|LED|OPR,1,1,{'baseline': 'ok'},,PASS
SYN-0380,Synthetic 380,Expedition,adult,ar,new,360,3,46.67,Silver,6,0.0|40.0|70.0|50.0|50.0|60.0|0.0|10.0,30.0,Hatchling,66.67,49.0,0,0,21.25,Focused,POSITIVE_STANDING,NOT_ELIGIBLE,41.7,NOT_ELIGIBLE,4,ACH-ACT-001|ACH-EVD-001|ACH-LRN-001|ACH-TEAM-001,0,0,3,1,0,3,0,3,LED,0,1,{'baseline': 'ok'},,PASS
SYN-0381,Synthetic 381,MeritRoute,adult,ar,merit,990,4,72.5,Gold,8,75.0|50.0|75.0|50.0|75.0|85.0|75.0|50.0,63.75,Pathfinder,83.33,83.33,1,1,50.75,Multi-Horizon,POSITIVE_STANDING,STANDARD_TEMPLATE_ELIGIBLE_FOR_REVIEW,68.15,NOT_ELIGIBLE,6,ACH-ACT-001|ACH-CAP-001|ACH-EVD-001|ACH-LRN-001|ACH-MST-001|ACH-TEAM-001,0,0,1,2,1,6,0,6,LED|OPR|PRT,1,1,{'baseline': 'ok'},,PASS
SYN-0382,Synthetic 382,FlightPass,adult,en,returning,420,3,54.17,Silver,6,85.0|0.0|0.0|55.0|50.0|75.0|50.0|10.0,47.5,Scout,86.67,49.0,0,0,38.75,Expanding,POSITIVE_STANDING,NOT_ELIGIBLE,56.95,NOT_ELIGIBLE,6,ACH-ACT-001|ACH-EVD-001|ACH-EVD-002|ACH-LRN-001|ACH-RET-001|ACH-TEAM-001,0,0,2,4,0,6,0,4,BLD|LED|OPR,0,1,{'baseline': 'ok'},,PASS
SYN-0383,Synthetic 383,Expedition,minor,ar,minor_ar,370,3,51.67,Silver,5,65.0|50.0|85.0|70.0|0.0|40.0|0.0|0.0,42.5,Scout,83.33,49.0,0,0,27.5,Expanding,POSITIVE_STANDING,NOT_ELIGIBLE,47.45,NOT_ELIGIBLE,4,ACH-ACT-001|ACH-EVD-001|ACH-LRN-001|ACH-TEAM-001,0,0,1,3,0,3,0,3,BLD|OPR,0,1,{'baseline': 'ok'},,PASS
SYN-0384,Synthetic 384,FlightPass,adult,ar,a11y_compressed,500,3,62.5,Gold,6,50.0|50.0|0.0|65.0|50.0|0.0|75.0|85.0,45.0,Scout,95.0,49.0,0,0,38.75,Expanding,POSITIVE_STANDING,NOT_ELIGIBLE,54.45,NOT_ELIGIBLE,4,ACH-ACT-001|ACH-EVD-001|ACH-LRN-001|ACH-TEAM-001,0,0,1,4,0,5,0,4,BLD|LED|OPR,0,1,{'baseline': 'ok'},,PASS
SYN-0385,Synthetic 385,WingPass,adult,en,team_passenger,55,1,21.67,Iron,3,0.0|0.0|0.0|40.0|0.0|40.0|50.0|0.0,5.0,Hatchling,0.0,0.0,0,0,22.5,Focused,NORMAL,NOT_ELIGIBLE,10.5,NOT_ELIGIBLE,1,ACH-ACT-001,0,0,0,0,0,3,0,2,LED|PRT,0,0,{'full_mastery_from_team': 'no'},,PASS
SYN-0386,Synthetic 386,FlightPass,adult,en,team_strong,1325,5,76.67,Platinum,8,40.0|10.0|75.0|85.0|85.0|80.0|60.0|75.0,66.25,Specialist,81.67,81.67,1,1,39.5,Expanding,POSITIVE_STANDING,PROGRESS_VISIBLE,77.65,NOT_ELIGIBLE,7,ACH-ACT-001|ACH-CAP-001|ACH-EVD-001|ACH-LIVE-001|ACH-LRN-001|ACH-MST-001|ACH-TEAM-001,0,0,5,5,1,5,0,5,OPR|PRT,1,1,{'baseline': 'ok'},,PASS
SYN-0387,Synthetic 387,WingPass,adult,en,integrity,285,2,38.33,Bronze,4,0.0|0.0|0.0|65.0|50.0|75.0|0.0|40.0,37.5,Scout,95.0,49.0,0,0,22.5,Focused,NORMAL,NOT_ELIGIBLE,44.2,NOT_ELIGIBLE,2,ACH-ACT-001|ACH-EVD-001,0,0,0,4,0,2,0,2,LED|PRT,0,1,{'baseline': 'ok'},,PASS
SYN-0388,Synthetic 388,WingPass,adult,en,popular_weak,200,2,42.5,Bronze,5,40.0|0.0|0.0|0.0|40.0|50.0|50.0|75.0,5.0,Hatchling,30.0,30.0,0,0,38.75,Expanding,NORMAL,NOT_ELIGIBLE,22.75,NOT_ELIGIBLE,2,ACH-ACT-001|ACH-EVD-001,0,0,0,0,0,4,0,4,LED|OPR|PRT,0,1,"{'mastery_from_popularity': 'no', 'prestige_from_popularity': 'no'}",,PASS
SYN-0389,Synthetic 389,MeritRoute,adult,en,steady,955,4,70.83,Gold,7,65.0|75.0|50.0|90.0|0.0|40.0|85.0|60.0,58.75,Pathfinder,81.67,81.67,1,1,48.75,Expanding,NORMAL,STANDARD_TEMPLATE_ELIGIBLE_FOR_REVIEW,65.0,NOT_ELIGIBLE,6,ACH-ACT-001|ACH-CAP-001|ACH-EVD-001|ACH-EVD-002|ACH-LRN-001|ACH-MST-001,0,0,0,4,1,6,0,6,BLD|OPR|PRT,1,1,{'baseline': 'ok'},,PASS
SYN-0390,Synthetic 390,MeritRoute,adult,en,new,275,2,33.33,Bronze,4,50.0|50.0|50.0|0.0|0.0|50.0|0.0|0.0,22.5,Hatchling,70.0,49.0,0,0,33.75,Expanding,NORMAL,NOT_ELIGIBLE,32.2,NOT_ELIGIBLE,3,ACH-ACT-001|ACH-EVD-001|ACH-LRN-001,0,0,0,1,0,3,0,3,LED|OPR|PRT,0,1,{'baseline': 'ok'},,PASS
SYN-0391,Synthetic 391,MeritRoute,adult,en,steady,535,3,70.83,Gold,7,40.0|60.0|85.0|90.0|0.0|65.0|50.0|75.0,40.0,Scout,83.33,49.0,0,0,48.75,Expanding,NORMAL,NOT_ELIGIBLE,49.45,NOT_ELIGIBLE,4,ACH-ACT-001|ACH-EVD-001|ACH-EVD-002|ACH-LRN-001,0,0,0,4,0,6,0,6,LED|OPR|PRT,0,1,{'baseline': 'ok'},,PASS
SYN-0392,Synthetic 392,FlightPass,adult,en,high_act_low_ev,480,3,43.33,Bronze,5,40.0|60.0|0.0|0.0|50.0|0.0|50.0|60.0,7.5,Hatchling,0.0,0.0,0,0,60.0,Multi-Horizon,NORMAL,NOT_ELIGIBLE,18.0,NOT_ELIGIBLE,2,ACH-ACT-001|ACH-LRN-001,0,0,0,0,0,12,0,7,BLD|LED|OPR|PRT,0,1,"{'high_xp': 'yes', 'route_proven': 'no', 'title': 'no', 'prestige': 'no', 'mastery_strong': 'no'}",,PASS
SYN-0393,Synthetic 393,Expedition,adult,ar,low_act_high_ev,960,4,56.67,Silver,8,40.0|50.0|50.0|60.0|50.0|70.0|60.0|50.0,63.75,Pathfinder,100.0,100.0,1,1,18.25,Focused,POSITIVE_STANDING,PROGRESS_VISIBLE,73.9,NOT_ELIGIBLE,4,ACH-CAP-001|ACH-EVD-001|ACH-MST-001|ACH-TEAM-001,0,0,2,8,1,0,0,2,OPR,1,1,"{'route_proven': 'possible', 'mastery_strong': 'possible', 'not_punished_for_efficiency': 'yes'}",,PASS
SYN-0394,Synthetic 394,Expedition,adult,en,experienced,1130,5,71.67,Gold,8,75.0|60.0|75.0|50.0|60.0|85.0|50.0|75.0,86.25,Vanguard,100.0,100.0,1,2,48.75,Expanding,POSITIVE_STANDING,STANDARD_TEMPLATE_ELIGIBLE_FOR_REVIEW,80.25,ELIGIBLE_ASCENDANT_NOMINATION,8,ACH-ACT-001|ACH-BRD-001|ACH-CAP-001|ACH-EVD-001|ACH-LRN-001|ACH-MST-001|ACH-SEX-001|ACH-TEAM-001,0,1,2,7,1,5,0,5,BLD|OPR|PRT,1,1,{'baseline': 'ok'},,PASS
SYN-0395,Synthetic 395,FlightPass,adult,en,new,245,2,35.0,Bronze,4,0.0|40.0|60.0|0.0|50.0|60.0|0.0|0.0,10.0,Hatchling,15.0,15.0,0,0,33.75,Expanding,NORMAL,NOT_ELIGIBLE,19.75,NOT_ELIGIBLE,4,ACH-ACT-001|ACH-EVD-001|ACH-LRN-001|ACH-TEAM-001,0,0,1,0,0,3,0,3,BLD|LED|OPR,0,1,{'baseline': 'ok'},,PASS
SYN-0396,Synthetic 396,WingPass,adult,en,merit,1005,5,67.5,Gold,7,65.0|50.0|10.0|0.0|65.0|85.0|65.0|75.0,63.75,Pathfinder,86.0,86.0,1,1,39.5,Expanding,POSITIVE_STANDING,PROGRESS_VISIBLE,71.45,NOT_ELIGIBLE,7,ACH-ACT-001|ACH-CAP-001|ACH-EVD-001|ACH-EVD-002|ACH-LRN-001|ACH-MST-001|ACH-TEAM-001,0,0,1,6,1,4,0,5,BLD|OPR,1,1,{'baseline': 'ok'},,PASS
SYN-0397,Synthetic 397,OpenFlight,adult,ar,returning,440,3,55.0,Silver,6,75.0|0.0|0.0|10.0|50.0|50.0|75.0|70.0,47.5,Scout,83.33,49.0,0,0,27.5,Expanding,POSITIVE_STANDING,NOT_ELIGIBLE,52.45,NOT_ELIGIBLE,6,ACH-ACT-001|ACH-EVD-001|ACH-EVD-002|ACH-LRN-001|ACH-RET-001|ACH-TEAM-001,0,0,3,3,0,7,0,3,LED|OPR,0,1,{'baseline': 'ok'},,PASS
SYN-0398,Synthetic 398,OpenFlight,minor,ar,minor_ar,220,2,36.67,Bronze,6,10.0|0.0|10.0|0.0|40.0|50.0|50.0|60.0,12.5,Hatchling,0.0,0.0,0,0,38.75,Expanding,NORMAL,NOT_ELIGIBLE,21.25,NOT_ELIGIBLE,2,ACH-ACT-001|ACH-TEAM-001,0,0,3,0,0,4,0,4,LED|OPR|PRT,0,1,{'baseline': 'ok'},,PASS
SYN-0399,Synthetic 399,OpenFlight,adult,ar,a11y_compressed,320,3,46.67,Silver,5,75.0|50.0|0.0|0.0|65.0|0.0|40.0|50.0,37.5,Scout,86.67,49.0,0,0,22.5,Focused,NORMAL,NOT_ELIGIBLE,39.45,NOT_ELIGIBLE,3,ACH-ACT-001|ACH-EVD-001|ACH-LRN-001,0,0,0,3,0,2,0,2,LED|PRT,0,1,{'baseline': 'ok'},,PASS
SYN-0400,Synthetic 400,WingPass,adult,en,team_passenger,185,2,20.83,Iron,2,0.0|50.0|0.0|0.0|75.0|0.0|0.0|0.0,22.5,Hatchling,70.0,49.0,0,0,22.5,Focused,NORMAL,NOT_ELIGIBLE,29.95,NOT_ELIGIBLE,3,ACH-ACT-001|ACH-EVD-001|ACH-LRN-001,0,0,0,1,0,2,0,2,BLD|LED,0,0,{'full_mastery_from_team': 'no'},,PASS
SYN-0401,Synthetic 401,WingPass,adult,en,team_strong,1240,5,70.83,Gold,8,65.0|60.0|20.0|50.0|75.0|80.0|60.0|85.0,66.25,Specialist,83.33,83.33,1,1,34.5,Expanding,POSITIVE_STANDING,PROGRESS_VISIBLE,77.15,NOT_ELIGIBLE,7,ACH-ACT-001|ACH-CAP-001|ACH-EVD-001|ACH-LIVE-001|ACH-LRN-001|ACH-MST-001|ACH-TEAM-001,0,0,7,4,1,4,0,4,LED|OPR,1,1,{'baseline': 'ok'},,PASS
SYN-0402,Synthetic 402,Expedition,adult,en,integrity,450,3,56.67,Silver,6,50.0|70.0|60.0|0.0|0.0|40.0|50.0|70.0,45.0,Scout,85.0,49.0,0,0,33.75,Expanding,POSITIVE_STANDING,NOT_ELIGIBLE,46.45,NOT_ELIGIBLE,4,ACH-ACT-001|ACH-EVD-001|ACH-LRN-001|ACH-TEAM-001,0,0,2,2,0,4,0,3,BLD|OPR|PRT,0,1,{'baseline': 'ok'},,PASS
SYN-0403,Synthetic 403,MeritRoute,adult,en,popular_weak,225,2,50.0,Silver,6,40.0|50.0|0.0|50.0|60.0|60.0|0.0|40.0,7.5,Hatchling,0.0,0.0,0,0,48.75,Expanding,NORMAL,NOT_ELIGIBLE,15.75,NOT_ELIGIBLE,2,ACH-ACT-001|ACH-LRN-001,0,0,0,0,0,6,0,6,BLD|OPR|PRT,0,1,"{'mastery_from_popularity': 'no', 'prestige_from_popularity': 'no'}",,PASS
SYN-0404,Synthetic 404,MeritRoute,adult,en,steady,850,4,60.0,Gold,6,0.0|65.0|85.0|80.0|0.0|75.0|15.0|40.0,58.75,Pathfinder,81.67,81.67,1,1,38.75,Expanding,NORMAL,PROGRESS_VISIBLE,63.0,NOT_ELIGIBLE,6,ACH-ACT-001|ACH-CAP-001|ACH-EVD-001|ACH-EVD-002|ACH-LRN-001|ACH-MST-001,0,0,0,4,1,4,0,4,LED|OPR|PRT,1,1,{'baseline': 'ok'},,PASS
SYN-0405,Synthetic 405,WingPass,adult,ar,new,330,3,50.83,Silver,6,40.0|50.0|0.0|50.0|50.0|0.0|65.0|50.0,37.5,Scout,76.67,49.0,0,0,38.75,Expanding,NORMAL,NOT_ELIGIBLE,37.95,NOT_ELIGIBLE,3,ACH-ACT-001|ACH-EVD-001|ACH-LRN-001,0,0,0,2,0,4,0,4,BLD|LED|PRT,0,1,{'baseline': 'ok'},,PASS
SYN-0406,Synthetic 406,Expedition,adult,en,steady,990,4,72.5,Gold,7,50.0|75.0|50.0|85.0|0.0|75.0|65.0|85.0,63.75,Pathfinder,83.33,83.33,1,1,34.5,Expanding,POSITIVE_STANDING,PROGRESS_VISIBLE,69.65,NOT_ELIGIBLE,7,ACH-ACT-001|ACH-CAP-001|ACH-EVD-001|ACH-EVD-002|ACH-LRN-001|ACH-MST-001|ACH-TEAM-001,0,0,1,4,1,5,0,4,OPR|PRT,1,1,{'baseline': 'ok'},,PASS
SYN-0407,Synthetic 407,WingPass,adult,en,high_act_low_ev,360,3,31.67,Bronze,4,50.0|0.0|50.0|50.0|0.0|0.0|40.0|0.0,12.5,Hatchling,0.0,0.0,0,0,50.0,Multi-Horizon,NORMAL,NOT_ELIGIBLE,18.5,NOT_ELIGIBLE,3,ACH-ACT-001|ACH-LRN-001|ACH-TEAM-001,0,0,1,0,0,10,0,5,BLD|LED|OPR|PRT,0,1,"{'high_xp': 'yes', 'route_proven': 'no', 'title': 'no', 'prestige': 'no', 'mastery_strong': 'no'}",,PASS
SYN-0408,Synthetic 408,WingPass,adult,ar,low_act_high_ev,970,4,57.5,Silver,8,75.0|50.0|50.0|50.0|50.0|70.0|50.0|50.0,58.75,Pathfinder,100.0,100.0,1,1,27.5,Expanding,NORMAL,PROGRESS_VISIBLE,66.25,NOT_ELIGIBLE,5,ACH-ACT-001|ACH-CAP-001|ACH-EVD-001|ACH-LRN-001|ACH-MST-001,0,0,0,8,1,1,0,3,OPR|PRT,1,1,"{'route_proven': 'possible', 'mastery_strong': 'possible', 'not_punished_for_efficiency': 'yes'}",,PASS
SYN-0409,Synthetic 409,WingPass,adult,en,experienced,995,4,68.33,Gold,6,0.0|40.0|75.0|75.0|85.0|85.0|50.0|0.0,86.25,Specialist,100.0,100.0,1,2,63.0,Multi-Horizon,NORMAL,STANDARD_TEMPLATE_ELIGIBLE_FOR_REVIEW,73.6,NOT_ELIGIBLE,7,ACH-ACT-001|ACH-BRD-001|ACH-CAP-001|ACH-EVD-001|ACH-LRN-001|ACH-MST-001|ACH-SEX-001,0,1,0,6,1,4,0,7,BLD|LED|OPR|PRT,1,1,{'baseline': 'ok'},,PASS
SYN-0410,Synthetic 410,FlightPass,adult,en,new,150,2,35.83,Bronze,4,0.0|0.0|0.0|0.0|65.0|50.0|50.0|50.0,22.5,Hatchling,70.0,49.0,0,0,5.0,Focused,NORMAL,NOT_ELIGIBLE,26.45,NOT_ELIGIBLE,2,ACH-ACT-001|ACH-EVD-001,0,0,0,1,0,2,0,1,PRT,0,1,{'baseline': 'ok'},,PASS
SYN-0411,Synthetic 411,OpenFlight,adult,ar,merit,1065,5,73.33,Gold,8,75.0|50.0|60.0|85.0|75.0|85.0|50.0|60.0,66.25,Specialist,86.0,86.0,1,1,57.0,Multi-Horizon,POSITIVE_STANDING,STANDARD_TEMPLATE_ELIGIBLE_FOR_REVIEW,77.45,NOT_ELIGIBLE,6,ACH-ACT-001|ACH-CAP-001|ACH-EVD-001|ACH-LRN-001|ACH-MST-001|ACH-TEAM-001,0,0,2,6,1,6,0,6,BLD|LED|OPR|PRT,1,1,{'baseline': 'ok'},,PASS
SYN-0412,Synthetic 412,FlightPass,adult,en,returning,300,3,38.33,Bronze,6,75.0|0.0|0.0|15.0|40.0|10.0|40.0|50.0,47.5,Scout,83.33,49.0,0,0,38.75,Expanding,POSITIVE_STANDING,NOT_ELIGIBLE,52.2,NOT_ELIGIBLE,5,ACH-ACT-001|ACH-EVD-001|ACH-EVD-002|ACH-RET-001|ACH-TEAM-001,0,0,2,3,0,6,0,4,BLD|OPR|PRT,0,1,{'baseline': 'ok'},,PASS
SYN-0413,Synthetic 413,OpenFlight,minor,ar,minor_ar,560,3,57.5,Silver,7,65.0|70.0|70.0|0.0|50.0|10.0|40.0|50.0,45.0,Scout,95.0,49.0,0,0,33.75,Expanding,POSITIVE_STANDING,NOT_ELIGIBLE,60.95,NOT_ELIGIBLE,4,ACH-ACT-001|ACH-EVD-001|ACH-LRN-001|ACH-TEAM-001,0,0,4,4,0,3,0,3,BLD|OPR|PRT,0,1,{'baseline': 'ok'},,PASS
SYN-0414,Synthetic 414,WingPass,adult,en,a11y_compressed,120,2,16.67,Iron,3,50.0|10.0|0.0|40.0|0.0|0.0|0.0|0.0,10.0,Hatchling,0.0,0.0,0,0,22.5,Focused,NORMAL,NOT_ELIGIBLE,13.0,NOT_ELIGIBLE,3,ACH-ACT-001|ACH-LRN-001|ACH-TEAM-001,0,0,1,0,0,2,0,2,BLD|LED,0,0,{'baseline': 'ok'},,PASS
SYN-0415,Synthetic 415,Expedition,adult,ar,team_passenger,380,3,41.67,Bronze,4,0.0|0.0|40.0|0.0|75.0|0.0|75.0|60.0,37.5,Scout,76.67,49.0,0,0,27.5,Expanding,NORMAL,NOT_ELIGIBLE,35.7,NOT_ELIGIBLE,3,ACH-ACT-001|ACH-EVD-001|ACH-LRN-001,0,0,0,2,0,3,0,3,BLD|LED,0,1,{'full_mastery_from_team': 'no'},,PASS
SYN-0416,Synthetic 416,WingPass,adult,en,team_strong,1415,5,69.17,Gold,8,75.0|60.0|20.0|50.0|75.0|85.0|60.0|60.0,66.25,Specialist,83.33,83.33,1,1,40.75,Expanding,POSITIVE_STANDING,STANDARD_TEMPLATE_ELIGIBLE_FOR_REVIEW,78.4,NOT_ELIGIBLE,7,ACH-ACT-001|ACH-CAP-001|ACH-EVD-001|ACH-LIVE-001|ACH-LRN-001|ACH-MST-001|ACH-TEAM-001,0,0,8,5,1,3,0,4,LED|OPR|PRT,1,1,{'baseline': 'ok'},,PASS
SYN-0417,Synthetic 417,WingPass,adult,en,integrity,160,2,38.33,Bronze,5,50.0|50.0|0.0|0.0|40.0|50.0|0.0|40.0,22.5,Hatchling,73.33,49.0,0,0,22.5,Focused,NORMAL,NOT_ELIGIBLE,29.95,NOT_ELIGIBLE,3,ACH-ACT-001|ACH-EVD-001|ACH-LRN-001,0,0,0,1,0,2,0,2,BLD|PRT,0,1,{'baseline': 'ok'},,PASS
SYN-0418,Synthetic 418,Expedition,adult,en,popular_weak,315,3,51.67,Silver,7,0.0|50.0|50.0|50.0|60.0|50.0|50.0|50.0,40.0,Scout,85.0,49.0,0,0,33.75,Expanding,NORMAL,NOT_ELIGIBLE,36.95,NOT_ELIGIBLE,3,ACH-ACT-001|ACH-EVD-001|ACH-LRN-001,0,0,0,2,0,5,0,3,BLD|LED|PRT,0,1,"{'mastery_from_popularity': 'no', 'prestige_from_popularity': 'no'}",,PASS
SYN-0419,Synthetic 419,Expedition,adult,en,steady,675,4,39.17,Bronze,4,40.0|0.0|0.0|70.0|0.0|65.0|60.0|0.0,55.0,Pathfinder,76.0,76.0,1,1,43.75,Expanding,NORMAL,STANDARD_TEMPLATE_ELIGIBLE_FOR_REVIEW,52.8,NOT_ELIGIBLE,6,ACH-ACT-001|ACH-CAP-001|ACH-EVD-001|ACH-EVD-002|ACH-LRN-001|ACH-MST-001,0,0,0,1,1,4,0,5,BLD|LED|OPR,1,1,{'baseline': 'ok'},,PASS
SYN-0420,Synthetic 420,MeritRoute,adult,en,new,190,2,43.33,Bronze,5,0.0|0.0|40.0|0.0|50.0|60.0|60.0|50.0,12.5,Hatchling,0.0,0.0,0,0,43.75,Expanding,NORMAL,NOT_ELIGIBLE,17.25,NOT_ELIGIBLE,3,ACH-ACT-001|ACH-LRN-001|ACH-TEAM-001,0,0,1,0,0,5,0,5,BLD|LED|PRT,0,1,{'baseline': 'ok'},,PASS
SYN-0421,Synthetic 421,FlightPass,adult,en,steady,670,4,42.5,Bronze,6,0.0|50.0|50.0|15.0|0.0|75.0|15.0|50.0,55.0,Pathfinder,76.0,76.0,1,1,55.0,Multi-Horizon,NORMAL,STANDARD_TEMPLATE_ELIGIBLE_FOR_REVIEW,55.05,NOT_ELIGIBLE,6,ACH-ACT-001|ACH-CAP-001|ACH-EVD-001|ACH-EVD-002|ACH-LRN-001|ACH-MST-001,0,0,0,1,1,4,0,6,BLD|LED|OPR|PRT,1,1,{'baseline': 'ok'},,PASS
SYN-0422,Synthetic 422,Expedition,adult,en,high_act_low_ev,560,3,51.67,Silver,7,40.0|50.0|0.0|60.0|50.0|50.0|50.0|50.0,12.5,Hatchling,0.0,0.0,0,0,65.0,Multi-Horizon,NORMAL,NOT_ELIGIBLE,21.5,NOT_ELIGIBLE,3,ACH-ACT-001|ACH-LRN-001|ACH-TEAM-001,0,0,1,0,0,16,0,8,BLD|LED|OPR|PRT,0,1,"{'high_xp': 'yes', 'route_proven': 'no', 'title': 'no', 'prestige': 'no', 'mastery_strong': 'no'}",,PASS
SYN-0423,Synthetic 423,MeritRoute,adult,en,low_act_high_ev,1015,5,60.0,Gold,8,65.0|50.0|50.0|50.0|50.0|50.0|85.0|60.0,63.75,Pathfinder,100.0,100.0,1,1,34.5,Expanding,POSITIVE_STANDING,PROGRESS_VISIBLE,74.65,NOT_ELIGIBLE,6,ACH-ACT-001|ACH-CAP-001|ACH-EVD-001|ACH-LRN-001|ACH-MST-001|ACH-TEAM-001,0,0,1,8,1,2,0,4,LED|OPR,1,1,"{'route_proven': 'possible', 'mastery_strong': 'possible', 'not_punished_for_efficiency': 'yes'}",,PASS
SYN-0424,Synthetic 424,FlightPass,adult,en,experienced,1030,5,68.33,Gold,8,65.0|50.0|85.0|50.0|75.0|20.0|40.0|85.0,86.25,Specialist,100.0,100.0,1,2,58.0,Multi-Horizon,NORMAL,STANDARD_TEMPLATE_ELIGIBLE_FOR_REVIEW,72.6,NOT_ELIGIBLE,7,ACH-ACT-001|ACH-BRD-001|ACH-CAP-001|ACH-EVD-001|ACH-LRN-001|ACH-MST-001|ACH-SEX-001,0,1,0,7,1,4,0,6,BLD|LED|OPR|PRT,1,1,{'baseline': 'ok'},,PASS
SYN-0425,Synthetic 425,MeritRoute,adult,en,new,150,2,18.33,Iron,3,0.0|0.0|50.0|0.0|10.0|0.0|50.0|0.0,12.5,Hatchling,0.0,0.0,0,0,16.25,Focused,NORMAL,NOT_ELIGIBLE,14.25,NOT_ELIGIBLE,3,ACH-ACT-001|ACH-LRN-001|ACH-TEAM-001,0,0,2,0,0,2,0,2,PRT,0,0,{'baseline': 'ok'},,PASS
SYN-0426,Synthetic 426,Expedition,adult,en,merit,1000,5,64.17,Gold,7,40.0|50.0|75.0|50.0|0.0|75.0|85.0|50.0,66.25,Specialist,81.67,81.67,1,1,34.5,Expanding,POSITIVE_STANDING,PROGRESS_VISIBLE,71.65,NOT_ELIGIBLE,6,ACH-ACT-001|ACH-CAP-001|ACH-EVD-001|ACH-LRN-001|ACH-MST-001|ACH-TEAM-001,0,0,2,5,1,4,0,4,BLD|OPR,1,1,{'baseline': 'ok'},,PASS
SYN-0427,Synthetic 427,FlightPass,adult,ar,returning,345,3,40.0,Bronze,6,60.0|0.0|0.0|15.0|50.0|60.0|15.0|40.0,40.0,Scout,76.67,49.0,0,0,33.75,Expanding,POSITIVE_STANDING,NOT_ELIGIBLE,41.45,NOT_ELIGIBLE,5,ACH-ACT-001|ACH-EVD-001|ACH-EVD-002|ACH-LRN-001|ACH-RET-001,0,0,0,2,0,6,0,3,LED|OPR|PRT,0,1,{'baseline': 'ok'},,PASS
SYN-0428,Synthetic 428,MeritRoute,minor,ar,minor_ar,420,3,52.5,Silver,6,0.0|65.0|0.0|40.0|75.0|10.0|40.0|85.0,42.5,Scout,95.0,49.0,0,0,38.75,Expanding,POSITIVE_STANDING,NOT_ELIGIBLE,54.45,NOT_ELIGIBLE,4,ACH-ACT-001|ACH-EVD-001|ACH-LRN-001|ACH-TEAM-001,0,0,1,4,0,4,0,4,LED|OPR|PRT,0,1,{'baseline': 'ok'},,PASS
SYN-0429,Synthetic 429,FlightPass,adult,en,a11y_compressed,290,2,40.0,Bronze,4,40.0|85.0|0.0|40.0|0.0|0.0|75.0|0.0,37.5,Scout,76.67,49.0,0,0,33.75,Expanding,NORMAL,NOT_ELIGIBLE,36.95,NOT_ELIGIBLE,3,ACH-ACT-001|ACH-EVD-001|ACH-LRN-001,0,0,0,2,0,3,0,3,BLD|LED|PRT,0,1,{'baseline': 'ok'},,PASS
SYN-0430,Synthetic 430,MeritRoute,adult,en,team_passenger,270,2,40.0,Bronze,4,0.0|40.0|0.0|50.0|0.0|75.0|75.0|0.0,22.5,Hatchling,66.67,49.0,0,0,38.75,Expanding,NORMAL,NOT_ELIGIBLE,33.2,NOT_ELIGIBLE,3,ACH-ACT-001|ACH-EVD-001|ACH-LRN-001,0,0,0,1,0,4,0,4,LED|OPR|PRT,0,1,{'full_mastery_from_team': 'no'},,PASS
SYN-0431,Synthetic 431,MeritRoute,adult,en,team_strong,1200,5,68.33,Gold,8,60.0|60.0|60.0|10.0|50.0|85.0|60.0|85.0,66.25,Specialist,83.33,83.33,1,1,34.5,Expanding,POSITIVE_STANDING,PROGRESS_VISIBLE,72.4,NOT_ELIGIBLE,7,ACH-ACT-001|ACH-CAP-001|ACH-EVD-001|ACH-LIVE-001|ACH-LRN-001|ACH-MST-001|ACH-TEAM-001,0,0,7,2,1,3,0,4,LED|OPR,1,1,{'baseline': 'ok'},,PASS
SYN-0432,Synthetic 432,WingPass,adult,en,integrity,395,3,60.0,Gold,7,75.0|50.0|75.0|0.0|50.0|50.0|60.0|50.0,45.0,Scout,80.0,49.0,0,0,38.75,Expanding,POSITIVE_STANDING,NOT_ELIGIBLE,44.95,NOT_ELIGIBLE,4,ACH-ACT-001|ACH-EVD-001|ACH-LRN-001|ACH-TEAM-001,0,0,1,2,0,5,0,4,BLD|LED|OPR,0,1,{'baseline': 'ok'},,PASS
SYN-0433,Synthetic 433,FlightPass,adult,ar,popular_weak,270,2,36.67,Bronze,4,0.0|0.0|50.0|60.0|0.0|50.0|60.0|0.0,10.0,Hatchling,15.0,15.0,0,0,33.75,Expanding,NORMAL,NOT_ELIGIBLE,19.75,NOT_ELIGIBLE,4,ACH-ACT-001|ACH-EVD-001|ACH-LRN-001|ACH-TEAM-001,0,0,1,0,0,3,0,3,LED|OPR|PRT,0,1,"{'mastery_from_popularity': 'no', 'prestige_from_popularity': 'no'}",,PASS
SYN-0434,Synthetic 434,Expedition,adult,en,steady,800,4,50.83,Silver,6,65.0|0.0|40.0|80.0|0.0|20.0|40.0|60.0,66.25,Specialist,81.67,81.67,1,1,52.0,Multi-Horizon,POSITIVE_STANDING,STANDARD_TEMPLATE_ELIGIBLE_FOR_REVIEW,75.15,NOT_ELIGIBLE,6,ACH-ACT-001|ACH-CAP-001|ACH-EVD-001|ACH-EVD-002|ACH-MST-001|ACH-TEAM-001,0,0,2,3,1,3,0,5,BLD|LED|OPR|PRT,1,1,{'baseline': 'ok'},,PASS
SYN-0435,Synthetic 435,FlightPass,adult,ar,new,445,3,50.83,Silver,7,50.0|0.0|10.0|10.0|75.0|60.0|60.0|50.0,32.5,Hatchling,70.0,49.0,0,0,50.0,Multi-Horizon,POSITIVE_STANDING,NOT_ELIGIBLE,44.95,NOT_ELIGIBLE,4,ACH-ACT-001|ACH-EVD-001|ACH-LRN-001|ACH-TEAM-001,0,0,2,1,0,5,0,5,BLD|LED|OPR|PRT,0,1,{'baseline': 'ok'},,PASS
SYN-0436,Synthetic 436,FlightPass,adult,en,steady,775,4,60.0,Gold,6,40.0|50.0|50.0|80.0|0.0|75.0|65.0|0.0,58.75,Pathfinder,86.0,86.0,1,1,55.0,Multi-Horizon,NORMAL,STANDARD_TEMPLATE_ELIGIBLE_FOR_REVIEW,67.55,NOT_ELIGIBLE,5,ACH-ACT-001|ACH-CAP-001|ACH-EVD-001|ACH-EVD-002|ACH-MST-001,0,0,0,3,1,5,0,6,BLD|LED|OPR|PRT,1,1,{'baseline': 'ok'},,PASS
SYN-0437,Synthetic 437,FlightPass,adult,en,high_act_low_ev,1010,5,60.0,Gold,8,50.0|60.0|60.0|60.0|60.0|60.0|50.0|60.0,15.0,Hatchling,0.0,0.0,0,0,75.0,Integrated,NORMAL,NOT_ELIGIBLE,26.0,NOT_ELIGIBLE,3,ACH-ACT-001|ACH-LRN-001|ACH-TEAM-001,0,0,2,0,0,18,0,10,BLD|LED|OPR|PRT,0,1,"{'high_xp': 'yes', 'route_proven': 'no', 'title': 'no', 'prestige': 'no', 'mastery_strong': 'no'}",,PASS
SYN-0438,Synthetic 438,OpenFlight,adult,ar,low_act_high_ev,960,4,55.83,Silver,7,40.0|50.0|50.0|50.0|0.0|50.0|85.0|50.0,66.25,Specialist,100.0,100.0,1,1,29.5,Expanding,POSITIVE_STANDING,PROGRESS_VISIBLE,76.15,NOT_ELIGIBLE,6,ACH-ACT-001|ACH-CAP-001|ACH-EVD-001|ACH-LRN-001|ACH-MST-001|ACH-TEAM-001,0,0,2,7,1,1,0,3,OPR|PRT,1,1,"{'route_proven': 'possible', 'mastery_strong': 'possible', 'not_punished_for_efficiency': 'yes'}",,PASS
SYN-0439,Synthetic 439,MeritRoute,adult,en,experienced,1120,5,71.67,Gold,8,50.0|75.0|85.0|50.0|75.0|50.0|70.0|75.0,86.25,Specialist,100.0,100.0,1,2,51.75,Multi-Horizon,NORMAL,STANDARD_TEMPLATE_ELIGIBLE_FOR_REVIEW,71.35,NOT_ELIGIBLE,7,ACH-ACT-001|ACH-BRD-001|ACH-CAP-001|ACH-EVD-001|ACH-LRN-001|ACH-MST-001|ACH-SEX-001,0,1,0,7,1,5,0,6,BLD|LED|OPR,1,1,{'baseline': 'ok'},,PASS
SYN-0440,Synthetic 440,Expedition,adult,en,new,330,3,37.5,Bronze,4,0.0|0.0|65.0|60.0|50.0|0.0|0.0|50.0,45.0,Scout,85.0,49.0,0,0,27.5,Expanding,POSITIVE_STANDING,NOT_ELIGIBLE,45.2,NOT_ELIGIBLE,4,ACH-ACT-001|ACH-EVD-001|ACH-LRN-001|ACH-TEAM-001,0,0,2,2,0,3,0,3,OPR|PRT,0,1,{'baseline': 'ok'},,PASS
SYN-0441,Synthetic 441,FlightPass,adult,en,merit,1005,5,67.5,Gold,8,10.0|50.0|50.0|65.0|60.0|85.0|85.0|60.0,66.25,Specialist,80.0,80.0,1,1,62.0,Multi-Horizon,POSITIVE_STANDING,STANDARD_TEMPLATE_ELIGIBLE_FOR_REVIEW,76.9,NOT_ELIGIBLE,7,ACH-ACT-001|ACH-CAP-001|ACH-EVD-001|ACH-EVD-002|ACH-LRN-001|ACH-MST-001|ACH-TEAM-001,0,0,4,2,1,5,0,7,BLD|LED|OPR|PRT,1,1,{'baseline': 'ok'},,PASS
SYN-0442,Synthetic 442,FlightPass,adult,en,returning,390,3,47.5,Silver,5,10.0|0.0|0.0|40.0|85.0|85.0|65.0|0.0,40.0,Scout,86.67,49.0,0,0,38.75,Expanding,POSITIVE_STANDING,NOT_ELIGIBLE,47.2,NOT_ELIGIBLE,5,ACH-ACT-001|ACH-EVD-001|ACH-EVD-002|ACH-LRN-001|ACH-RET-001,0,0,0,3,0,6,0,4,BLD|OPR|PRT,0,1,{'baseline': 'ok'},,PASS
SYN-0443,Synthetic 443,WingPass,minor,ar,minor_ar,380,3,51.67,Silver,6,10.0|40.0|60.0|85.0|0.0|40.0|0.0|75.0,30.0,Hatchling,66.67,49.0,0,0,45.0,Expanding,POSITIVE_STANDING,NOT_ELIGIBLE,41.45,NOT_ELIGIBLE,4,ACH-ACT-001|ACH-EVD-001|ACH-LRN-001|ACH-TEAM-001,0,0,1,1,0,5,0,4,BLD|LED|OPR|PRT,0,1,{'baseline': 'ok'},,PASS
SYN-0444,Synthetic 444,Expedition,adult,en,a11y_compressed,470,3,60.83,Gold,6,40.0|50.0|0.0|75.0|50.0|0.0|65.0|85.0,42.5,Scout,83.33,49.0,0,0,32.5,Expanding,POSITIVE_STANDING,NOT_ELIGIBLE,53.2,NOT_ELIGIBLE,4,ACH-ACT-001|ACH-EVD-001|ACH-LRN-001|ACH-TEAM-001,0,0,1,4,0,4,0,4,LED|OPR,0,1,{'baseline': 'ok'},,PASS
SYN-0445,Synthetic 445,MeritRoute,adult,en,team_passenger,280,2,35.83,Bronze,4,0.0|75.0|0.0|0.0|40.0|0.0|50.0|50.0,37.5,Scout,85.0,49.0,0,0,27.5,Expanding,NORMAL,NOT_ELIGIBLE,35.7,NOT_ELIGIBLE,3,ACH-ACT-001|ACH-EVD-001|ACH-LRN-001,0,0,0,2,0,3,0,3,LED|OPR,0,1,{'full_mastery_from_team': 'no'},,PASS
SYN-0446,Synthetic 446,FlightPass,adult,en,team_strong,1460,5,78.33,Platinum,8,50.0|70.0|60.0|75.0|85.0|80.0|75.0|85.0,66.25,Specialist,83.33,83.33,1,1,50.75,Multi-Horizon,POSITIVE_STANDING,STANDARD_TEMPLATE_ELIGIBLE_FOR_REVIEW,75.65,NOT_ELIGIBLE,7,ACH-ACT-001|ACH-CAP-001|ACH-EVD-001|ACH-LIVE-001|ACH-LRN-001|ACH-MST-001|ACH-TEAM-001,0,0,7,2,1,6,0,6,BLD|OPR|PRT,1,1,{'baseline': 'ok'},,PASS
SYN-0447,Synthetic 447,Expedition,adult,en,integrity,505,3,60.0,Gold,6,0.0|40.0|60.0|0.0|50.0|50.0|85.0|75.0,42.5,Scout,95.0,49.0,0,0,38.75,Expanding,POSITIVE_STANDING,NOT_ELIGIBLE,54.45,NOT_ELIGIBLE,4,ACH-ACT-001|ACH-EVD-001|ACH-LRN-001|ACH-TEAM-001,0,0,1,4,0,4,0,4,BLD|OPR|PRT,0,1,{'baseline': 'ok'},,PASS
SYN-0448,Synthetic 448,OpenFlight,adult,en,popular_weak,360,3,53.33,Silver,6,50.0|85.0|85.0|0.0|10.0|0.0|40.0|50.0,32.5,Hatchling,66.67,49.0,0,0,43.75,Expanding,POSITIVE_STANDING,NOT_ELIGIBLE,43.7,NOT_ELIGIBLE,4,ACH-ACT-001|ACH-EVD-001|ACH-LRN-001|ACH-TEAM-001,0,0,2,1,0,5,0,5,BLD|LED|OPR,0,1,"{'mastery_from_popularity': 'no', 'prestige_from_popularity': 'no'}",,PASS
SYN-0449,Synthetic 449,OpenFlight,adult,en,steady,860,4,60.83,Gold,7,65.0|50.0|60.0|65.0|0.0|75.0|15.0|50.0,60.0,Pathfinder,76.67,76.67,1,1,40.75,Expanding,POSITIVE_STANDING,STANDARD_TEMPLATE_ELIGIBLE_FOR_REVIEW,59.4,NOT_ELIGIBLE,7,ACH-ACT-001|ACH-CAP-001|ACH-EVD-001|ACH-EVD-002|ACH-LRN-001|ACH-MST-001|ACH-TEAM-001,0,0,1,1,1,4,0,4,LED|OPR|PRT,1,1,{'baseline': 'ok'},,PASS
SYN-0450,Synthetic 450,OpenFlight,adult,en,new,255,2,45.83,Silver,5,40.0|60.0|60.0|50.0|0.0|0.0|65.0|0.0,10.0,Hatchling,30.0,30.0,0,0,38.75,Expanding,POSITIVE_STANDING,NOT_ELIGIBLE,29.75,NOT_ELIGIBLE,4,ACH-ACT-001|ACH-EVD-001|ACH-LRN-001|ACH-TEAM-001,0,0,1,0,0,4,0,4,BLD|LED|PRT,0,1,{'baseline': 'ok'},,PASS
SYN-0451,Synthetic 451,FlightPass,adult,en,steady,1020,5,72.5,Gold,7,50.0|75.0|60.0|90.0|0.0|60.0|90.0|60.0,63.75,Pathfinder,80.0,80.0,1,1,67.0,Multi-Horizon,POSITIVE_STANDING,STANDARD_TEMPLATE_ELIGIBLE_FOR_REVIEW,70.4,NOT_ELIGIBLE,7,ACH-ACT-001|ACH-CAP-001|ACH-EVD-001|ACH-EVD-002|ACH-LRN-001|ACH-MST-001|ACH-TEAM-001,0,0,1,2,1,6,0,8,BLD|LED|OPR|PRT,1,1,{'baseline': 'ok'},,PASS
SYN-0452,Synthetic 452,MeritRoute,adult,en,high_act_low_ev,670,4,58.33,Silver,8,40.0|60.0|60.0|50.0|50.0|60.0|60.0|60.0,7.5,Hatchling,0.0,0.0,0,0,60.0,Multi-Horizon,NORMAL,NOT_ELIGIBLE,18.0,NOT_ELIGIBLE,2,ACH-ACT-001|ACH-LRN-001,0,0,0,0,0,18,0,7,BLD|LED|OPR|PRT,0,1,"{'high_xp': 'yes', 'route_proven': 'no', 'title': 'no', 'prestige': 'no', 'mastery_strong': 'no'}",,PASS
SYN-0453,Synthetic 453,FlightPass,adult,ar,low_act_high_ev,980,4,59.17,Silver,8,75.0|50.0|50.0|50.0|50.0|80.0|50.0|50.0,63.75,Pathfinder,100.0,100.0,1,1,29.5,Expanding,POSITIVE_STANDING,PROGRESS_VISIBLE,73.65,NOT_ELIGIBLE,6,ACH-ACT-001|ACH-CAP-001|ACH-EVD-001|ACH-LRN-001|ACH-MST-001|ACH-TEAM-001,0,0,1,8,1,1,0,3,OPR|PRT,1,1,"{'route_proven': 'possible', 'mastery_strong': 'possible', 'not_punished_for_efficiency': 'yes'}",,PASS
SYN-0454,Synthetic 454,MeritRoute,adult,en,experienced,1040,5,68.33,Gold,8,65.0|75.0|50.0|75.0|50.0|85.0|60.0|50.0,86.25,Vanguard,100.0,100.0,1,2,43.75,Expanding,POSITIVE_STANDING,STANDARD_TEMPLATE_ELIGIBLE_FOR_REVIEW,81.75,ELIGIBLE_ASCENDANT_NOMINATION,8,ACH-ACT-001|ACH-BRD-001|ACH-CAP-001|ACH-EVD-001|ACH-LRN-001|ACH-MST-001|ACH-SEX-001|ACH-TEAM-001,0,1,3,7,1,5,0,4,BLD|LED|OPR,1,1,{'baseline': 'ok'},,PASS
SYN-0455,Synthetic 455,MeritRoute,adult,en,new,330,3,34.17,Bronze,4,0.0|0.0|0.0|0.0|10.0|75.0|60.0|60.0,12.5,Hatchling,30.0,30.0,0,0,16.25,Focused,POSITIVE_STANDING,NOT_ELIGIBLE,32.75,NOT_ELIGIBLE,4,ACH-ACT-001|ACH-EVD-001|ACH-LRN-001|ACH-TEAM-001,0,0,4,0,0,2,0,2,OPR,0,1,{'baseline': 'ok'},,PASS
SYN-0456,Synthetic 456,Expedition,adult,en,merit,1090,5,71.67,Gold,8,75.0|50.0|75.0|60.0|60.0|80.0|80.0|60.0,63.75,Pathfinder,86.0,86.0,1,1,62.0,Multi-Horizon,POSITIVE_STANDING,STANDARD_TEMPLATE_ELIGIBLE_FOR_REVIEW,75.95,NOT_ELIGIBLE,7,ACH-ACT-001|ACH-CAP-001|ACH-EVD-001|ACH-EVD-002|ACH-LRN-001|ACH-MST-001|ACH-TEAM-001,0,0,1,5,1,6,0,7,BLD|LED|OPR|PRT,1,1,{'baseline': 'ok'},,PASS
SYN-0457,Synthetic 457,WingPass,adult,ar,returning,340,3,40.0,Bronze,6,50.0|0.0|0.0|40.0|50.0|10.0|80.0|10.0,47.5,Scout,83.33,49.0,0,0,27.5,Expanding,POSITIVE_STANDING,NOT_ELIGIBLE,47.7,NOT_ELIGIBLE,6,ACH-ACT-001|ACH-EVD-001|ACH-EVD-002|ACH-LRN-001|ACH-RET-001|ACH-TEAM-001,0,0,3,2,0,5,0,3,OPR|PRT,0,1,{'baseline': 'ok'},,PASS
SYN-0458,Synthetic 458,OpenFlight,minor,ar,minor_ar,305,3,48.33,Silver,5,40.0|0.0|0.0|65.0|0.0|65.0|60.0|60.0,27.5,Hatchling,73.33,49.0,0,0,33.75,Expanding,POSITIVE_STANDING,NOT_ELIGIBLE,39.2,NOT_ELIGIBLE,4,ACH-ACT-001|ACH-EVD-001|ACH-LRN-001|ACH-TEAM-001,0,0,1,1,0,3,0,3,BLD|LED|PRT,0,1,{'baseline': 'ok'},,PASS
SYN-0459,Synthetic 459,WingPass,adult,en,a11y_compressed,360,3,48.33,Silver,5,0.0|75.0|0.0|40.0|50.0|0.0|40.0|85.0,37.5,Scout,86.67,49.0,0,0,22.5,Focused,NORMAL,NOT_ELIGIBLE,39.45,NOT_ELIGIBLE,3,ACH-ACT-001|ACH-EVD-001|ACH-LRN-001,0,0,0,3,0,2,0,2,OPR|PRT,0,1,{'baseline': 'ok'},,PASS
SYN-0460,Synthetic 460,FlightPass,adult,en,team_passenger,85,1,13.33,Iron,2,0.0|0.0|40.0|0.0|0.0|0.0|40.0|0.0,5.0,Hatchling,0.0,0.0,0,0,22.5,Focused,NORMAL,NOT_ELIGIBLE,10.5,NOT_ELIGIBLE,1,ACH-ACT-001,0,0,0,0,0,2,0,2,LED|OPR,0,0,{'full_mastery_from_team': 'no'},,PASS
SYN-0461,Synthetic 461,OpenFlight,adult,en,team_strong,1260,5,69.17,Gold,8,65.0|60.0|10.0|20.0|50.0|80.0|85.0|75.0,66.25,Specialist,83.33,83.33,1,1,45.75,Expanding,POSITIVE_STANDING,STANDARD_TEMPLATE_ELIGIBLE_FOR_REVIEW,79.4,NOT_ELIGIBLE,7,ACH-ACT-001|ACH-CAP-001|ACH-EVD-001|ACH-LIVE-001|ACH-LRN-001|ACH-MST-001|ACH-TEAM-001,0,0,7,4,1,3,0,5,LED|OPR|PRT,1,1,{'baseline': 'ok'},,PASS
SYN-0462,Synthetic 462,WingPass,adult,en,integrity,730,4,73.33,Gold,8,75.0|50.0|75.0|85.0|85.0|50.0|60.0|60.0,47.5,Scout,83.33,49.0,0,0,50.0,Multi-Horizon,POSITIVE_STANDING,NOT_ELIGIBLE,63.95,NOT_ELIGIBLE,4,ACH-ACT-001|ACH-EVD-001|ACH-LRN-001|ACH-TEAM-001,0,0,2,6,0,5,0,5,BLD|LED|OPR|PRT,0,1,{'baseline': 'ok'},,PASS
SYN-0463,Synthetic 463,WingPass,adult,ar,popular_weak,150,2,18.33,Iron,2,0.0|0.0|50.0|60.0|0.0|0.0|0.0|0.0,5.0,Hatchling,0.0,0.0,0,0,16.25,Focused,NORMAL,NOT_ELIGIBLE,9.25,NOT_ELIGIBLE,2,ACH-ACT-001|ACH-LRN-001,0,0,0,0,0,2,0,2,BLD,0,0,"{'mastery_from_popularity': 'no', 'prestige_from_popularity': 'no'}",,PASS
SYN-0464,Synthetic 464,WingPass,adult,en,steady,1000,5,71.67,Gold,7,65.0|85.0|60.0|15.0|0.0|65.0|80.0|75.0,58.75,Pathfinder,86.0,86.0,1,1,60.0,Multi-Horizon,NORMAL,STANDARD_TEMPLATE_ELIGIBLE_FOR_REVIEW,68.55,NOT_ELIGIBLE,6,ACH-ACT-001|ACH-CAP-001|ACH-EVD-001|ACH-EVD-002|ACH-LRN-001|ACH-MST-001,0,0,0,4,1,6,0,7,BLD|LED|OPR|PRT,1,1,{'baseline': 'ok'},,PASS
SYN-0465,Synthetic 465,WingPass,adult,en,new,405,3,62.5,Gold,6,75.0|0.0|40.0|0.0|75.0|50.0|50.0|85.0,25.0,Hatchling,70.0,49.0,0,0,50.0,Multi-Horizon,NORMAL,NOT_ELIGIBLE,35.45,NOT_ELIGIBLE,3,ACH-ACT-001|ACH-EVD-001|ACH-LRN-001,0,0,0,1,0,6,0,5,BLD|LED|OPR|PRT,0,1,{'baseline': 'ok'},,PASS
SYN-0466,Synthetic 466,FlightPass,adult,ar,steady,755,4,53.33,Silver,6,50.0|0.0|65.0|85.0|0.0|20.0|50.0|50.0,63.75,Pathfinder,78.33,78.33,1,1,39.5,Expanding,POSITIVE_STANDING,PROGRESS_VISIBLE,64.4,NOT_ELIGIBLE,6,ACH-ACT-001|ACH-CAP-001|ACH-EVD-001|ACH-LRN-001|ACH-MST-001|ACH-TEAM-001,0,0,1,2,1,4,0,5,OPR|PRT,1,1,{'baseline': 'ok'},,PASS
SYN-0467,Synthetic 467,Expedition,adult,ar,high_act_low_ev,580,3,48.33,Silver,6,40.0|50.0|0.0|50.0|60.0|50.0|0.0|40.0,7.5,Hatchling,0.0,0.0,0,0,65.0,Multi-Horizon,NORMAL,NOT_ELIGIBLE,19.0,NOT_ELIGIBLE,2,ACH-ACT-001|ACH-LRN-001,0,0,0,0,0,14,0,8,BLD|LED|OPR|PRT,0,1,"{'high_xp': 'yes', 'route_proven': 'no', 'title': 'no', 'prestige': 'no', 'mastery_strong': 'no'}",,PASS
SYN-0468,Synthetic 468,MeritRoute,adult,en,low_act_high_ev,960,4,56.67,Silver,8,40.0|50.0|60.0|60.0|50.0|70.0|50.0|50.0,63.75,Pathfinder,100.0,100.0,1,1,18.25,Focused,POSITIVE_STANDING,PROGRESS_VISIBLE,73.9,NOT_ELIGIBLE,4,ACH-CAP-001|ACH-EVD-001|ACH-MST-001|ACH-TEAM-001,0,0,2,8,1,0,0,2,OPR,1,1,"{'route_proven': 'possible', 'mastery_strong': 'possible', 'not_punished_for_efficiency': 'yes'}",,PASS
SYN-0469,Synthetic 469,FlightPass,adult,en,experienced,1165,5,69.17,Gold,7,75.0|85.0|60.0|0.0|50.0|70.0|75.0|50.0,86.25,Vanguard,100.0,100.0,1,2,48.75,Expanding,POSITIVE_STANDING,STANDARD_TEMPLATE_ELIGIBLE_FOR_REVIEW,85.25,ELIGIBLE_ASCENDANT_NOMINATION,8,ACH-ACT-001|ACH-BRD-001|ACH-CAP-001|ACH-EVD-001|ACH-LRN-001|ACH-MST-001|ACH-SEX-001|ACH-TEAM-001,0,1,4,7,1,3,0,5,BLD|LED|OPR,1,1,{'baseline': 'ok'},,PASS
SYN-0470,Synthetic 470,Expedition,adult,en,paid_idle,0,1,0.0,Iron,0,0.0|0.0|0.0|0.0|0.0|0.0|0.0|0.0,0.0,Hatchling,0.0,0.0,0,0,0.0,Focused,UNESTABLISHED,NOT_ELIGIBLE,1.5,NOT_ELIGIBLE,0,,0,0,0,0,0,0,0,0,,0,0,"{'xp': '0_or_near', 'momentum': 'Iron', 'mastery': 'none', 'route_proven': 'no'}",,PASS
SYN-0471,Synthetic 471,WingPass,adult,en,merit,900,4,68.33,Gold,8,65.0|75.0|50.0|50.0|75.0|70.0|75.0|50.0,58.75,Pathfinder,81.67,81.67,1,1,48.75,Expanding,NORMAL,STANDARD_TEMPLATE_ELIGIBLE_FOR_REVIEW,65.0,NOT_ELIGIBLE,4,ACH-ACT-001|ACH-CAP-001|ACH-EVD-001|ACH-MST-001,0,0,0,6,1,5,0,6,BLD|OPR|PRT,1,1,{'baseline': 'ok'},,PASS
SYN-0472,Synthetic 472,OpenFlight,adult,en,returning,345,3,42.5,Bronze,5,50.0|0.0|0.0|55.0|85.0|50.0|15.0|0.0,45.0,Scout,86.67,49.0,0,0,33.75,Expanding,POSITIVE_STANDING,NOT_ELIGIBLE,48.7,NOT_ELIGIBLE,6,ACH-ACT-001|ACH-EVD-001|ACH-EVD-002|ACH-LRN-001|ACH-RET-001|ACH-TEAM-001,0,0,1,3,0,5,0,3,BLD|OPR|PRT,0,1,{'baseline': 'ok'},,PASS
SYN-0473,Synthetic 473,Expedition,minor,ar,minor_ar,515,3,61.67,Gold,8,65.0|50.0|60.0|85.0|60.0|50.0|50.0|50.0,45.0,Scout,83.33,49.0,0,0,32.5,Expanding,POSITIVE_STANDING,NOT_ELIGIBLE,48.45,NOT_ELIGIBLE,4,ACH-ACT-001|ACH-EVD-001|ACH-LRN-001|ACH-TEAM-001,0,0,1,3,0,6,0,4,BLD|LED,0,1,{'baseline': 'ok'},,PASS
SYN-0474,Synthetic 474,OpenFlight,adult,en,a11y_compressed,340,3,47.5,Silver,5,75.0|70.0|0.0|40.0|50.0|0.0|50.0|0.0,27.5,Hatchling,70.0,49.0,0,0,27.5,Expanding,POSITIVE_STANDING,NOT_ELIGIBLE,37.95,NOT_ELIGIBLE,4,ACH-ACT-001|ACH-EVD-001|ACH-LRN-001|ACH-TEAM-001,0,0,1,1,0,3,0,3,BLD|PRT,0,1,{'baseline': 'ok'},,PASS
SYN-0475,Synthetic 475,MeritRoute,adult,en,team_passenger,305,3,41.67,Bronze,4,0.0|65.0|0.0|0.0|0.0|75.0|50.0|60.0,37.5,Scout,85.0,49.0,0,0,27.5,Expanding,NORMAL,NOT_ELIGIBLE,35.7,NOT_ELIGIBLE,3,ACH-ACT-001|ACH-EVD-001|ACH-LRN-001,0,0,0,2,0,4,0,3,BLD|PRT,0,1,{'full_mastery_from_team': 'no'},,PASS
SYN-0476,Synthetic 476,WingPass,adult,en,team_strong,1280,5,70.83,Gold,8,50.0|60.0|70.0|20.0|75.0|85.0|85.0|10.0,66.25,Specialist,81.67,81.67,1,1,52.0,Multi-Horizon,POSITIVE_STANDING,STANDARD_TEMPLATE_ELIGIBLE_FOR_REVIEW,80.15,NOT_ELIGIBLE,7,ACH-ACT-001|ACH-CAP-001|ACH-EVD-001|ACH-LIVE-001|ACH-LRN-001|ACH-MST-001|ACH-TEAM-001,0,0,7,3,1,5,0,5,BLD|LED|OPR|PRT,1,1,{'baseline': 'ok'},,PASS
SYN-0477,Synthetic 477,WingPass,adult,en,integrity,335,3,52.5,Silver,5,0.0|40.0|75.0|0.0|0.0|40.0|85.0|75.0,37.5,Scout,86.67,49.0,0,0,27.5,Expanding,NORMAL,NOT_ELIGIBLE,40.45,NOT_ELIGIBLE,3,ACH-ACT-001|ACH-EVD-001|ACH-LRN-001,0,0,0,3,0,3,0,3,LED|OPR,0,1,{'baseline': 'ok'},,PASS
SYN-0478,Synthetic 478,MeritRoute,adult,en,popular_weak,365,3,46.67,Silver,6,0.0|10.0|40.0|85.0|85.0|50.0|0.0|10.0,30.0,Hatchling,66.67,49.0,0,0,33.75,Expanding,POSITIVE_STANDING,NOT_ELIGIBLE,41.7,NOT_ELIGIBLE,4,ACH-ACT-001|ACH-EVD-001|ACH-LRN-001|ACH-TEAM-001,0,0,2,1,0,4,0,3,BLD|LED|OPR,0,1,"{'mastery_from_popularity': 'no', 'prestige_from_popularity': 'no'}",,PASS
SYN-0479,Synthetic 479,FlightPass,adult,en,steady,855,4,61.67,Gold,7,40.0|75.0|50.0|25.0|0.0|75.0|80.0|50.0,63.75,Pathfinder,85.0,85.0,1,1,40.75,Expanding,POSITIVE_STANDING,STANDARD_TEMPLATE_ELIGIBLE_FOR_REVIEW,71.4,NOT_ELIGIBLE,7,ACH-ACT-001|ACH-CAP-001|ACH-EVD-001|ACH-EVD-002|ACH-LRN-001|ACH-MST-001|ACH-TEAM-001,0,0,1,3,1,3,0,4,BLD|LED|OPR,1,1,{'baseline': 'ok'},,PASS
SYN-0480,Synthetic 480,Expedition,adult,en,new,265,2,41.67,Bronze,5,0.0|50.0|50.0|60.0|0.0|40.0|50.0|0.0,42.5,Scout,85.0,49.0,0,0,33.75,Expanding,POSITIVE_STANDING,NOT_ELIGIBLE,43.95,NOT_ELIGIBLE,4,ACH-ACT-001|ACH-EVD-001|ACH-LRN-001|ACH-TEAM-001,0,0,1,2,0,3,0,3,BLD|LED|PRT,0,1,{'baseline': 'ok'},,PASS
SYN-0481,Synthetic 481,WingPass,adult,ar,steady,820,4,59.17,Silver,6,0.0|40.0|50.0|65.0|0.0|75.0|75.0|50.0,58.75,Pathfinder,86.0,86.0,1,1,50.0,Multi-Horizon,NORMAL,STANDARD_TEMPLATE_ELIGIBLE_FOR_REVIEW,66.55,NOT_ELIGIBLE,6,ACH-ACT-001|ACH-CAP-001|ACH-EVD-001|ACH-EVD-002|ACH-LRN-001|ACH-MST-001,0,0,0,4,1,4,0,5,BLD|LED|OPR|PRT,1,1,{'baseline': 'ok'},,PASS
SYN-0482,Synthetic 482,Expedition,adult,en,high_act_low_ev,810,4,60.0,Gold,7,40.0|60.0|70.0|70.0|60.0|60.0|0.0|40.0,15.0,Hatchling,0.0,0.0,0,0,75.0,Integrated,NORMAL,NOT_ELIGIBLE,26.0,NOT_ELIGIBLE,3,ACH-ACT-001|ACH-LRN-001|ACH-TEAM-001,0,0,2,0,0,16,0,10,BLD|LED|OPR|PRT,0,1,"{'high_xp': 'yes', 'route_proven': 'no', 'title': 'no', 'prestige': 'no', 'mastery_strong': 'no'}",,PASS
SYN-0483,Synthetic 483,FlightPass,adult,en,low_act_high_ev,1070,5,62.5,Gold,7,50.0|60.0|0.0|50.0|50.0|70.0|85.0|60.0,66.25,Specialist,100.0,100.0,1,1,23.25,Focused,POSITIVE_STANDING,PROGRESS_VISIBLE,79.9,NOT_ELIGIBLE,6,ACH-ACT-001|ACH-CAP-001|ACH-EVD-001|ACH-LRN-001|ACH-MST-001|ACH-TEAM-001,0,0,4,7,1,1,0,3,OPR,1,1,"{'route_proven': 'possible', 'mastery_strong': 'possible', 'not_punished_for_efficiency': 'yes'}",,PASS
SYN-0484,Synthetic 484,FlightPass,adult,en,experienced,1030,5,61.67,Gold,8,50.0|60.0|75.0|50.0|50.0|85.0|50.0|50.0,86.25,Vanguard,100.0,100.0,1,2,43.75,Expanding,POSITIVE_STANDING,STANDARD_TEMPLATE_ELIGIBLE_FOR_REVIEW,79.25,ELIGIBLE_ASCENDANT_NOMINATION,7,ACH-ACT-001|ACH-BRD-001|ACH-CAP-001|ACH-EVD-001|ACH-MST-001|ACH-SEX-001|ACH-TEAM-001,0,1,2,8,1,2,0,4,BLD|OPR|PRT,1,1,{'baseline': 'ok'},,PASS
SYN-0485,Synthetic 485,MeritRoute,adult,ar,new,230,2,29.17,Iron,3,65.0|0.0|0.0|0.0|0.0|0.0|50.0|60.0,22.5,Hatchling,70.0,49.0,0,0,22.5,Focused,NORMAL,NOT_ELIGIBLE,29.95,NOT_ELIGIBLE,3,ACH-ACT-001|ACH-EVD-001|ACH-LRN-001,0,0,0,1,0,3,0,2,LED|OPR,0,0,{'baseline': 'ok'},,PASS
SYN-0486,Synthetic 486,MeritRoute,adult,en,merit,890,4,59.17,Silver,7,65.0|50.0|50.0|60.0|0.0|10.0|80.0|50.0,66.25,Specialist,81.67,81.67,1,1,29.5,Expanding,POSITIVE_STANDING,PROGRESS_VISIBLE,70.65,NOT_ELIGIBLE,6,ACH-ACT-001|ACH-CAP-001|ACH-EVD-001|ACH-EVD-002|ACH-MST-001|ACH-TEAM-001,0,0,2,5,1,2,0,3,LED|OPR,1,1,{'baseline': 'ok'},,PASS
SYN-0487,Synthetic 487,FlightPass,adult,en,returning,380,3,35.0,Bronze,5,10.0|0.0|0.0|0.0|50.0|70.0|70.0|10.0,47.5,Scout,76.67,49.0,0,0,27.5,Expanding,POSITIVE_STANDING,NOT_ELIGIBLE,50.2,NOT_ELIGIBLE,5,ACH-ACT-001|ACH-EVD-001|ACH-LRN-001|ACH-RET-001|ACH-TEAM-001,0,0,4,2,0,5,0,3,LED|OPR,0,1,{'baseline': 'ok'},,PASS
SYN-0488,Synthetic 488,MeritRoute,minor,ar,minor_ar,465,3,71.67,Gold,7,40.0|75.0|50.0|85.0|75.0|60.0|85.0|0.0,40.0,Scout,83.33,49.0,0,0,50.0,Multi-Horizon,NORMAL,NOT_ELIGIBLE,40.2,NOT_ELIGIBLE,3,ACH-ACT-001|ACH-EVD-001|ACH-LRN-001,0,0,0,2,0,6,0,5,BLD|LED|OPR|PRT,0,1,{'baseline': 'ok'},,PASS
SYN-0489,Synthetic 489,Expedition,adult,en,a11y_compressed,420,3,48.33,Silver,5,0.0|50.0|0.0|40.0|50.0|0.0|75.0|75.0,42.5,Scout,95.0,49.0,0,0,27.5,Expanding,POSITIVE_STANDING,NOT_ELIGIBLE,52.2,NOT_ELIGIBLE,4,ACH-ACT-001|ACH-EVD-001|ACH-LRN-001|ACH-TEAM-001,0,0,1,4,0,3,0,3,OPR|PRT,0,1,{'baseline': 'ok'},,PASS
SYN-0490,Synthetic 490,Expedition,adult,ar,team_passenger,275,2,51.67,Silver,6,0.0|40.0|50.0|50.0|60.0|50.0|60.0|0.0,25.0,Hatchling,70.0,49.0,0,0,45.0,Expanding,NORMAL,NOT_ELIGIBLE,34.45,NOT_ELIGIBLE,3,ACH-ACT-001|ACH-EVD-001|ACH-LRN-001,0,0,0,1,0,5,0,4,BLD|LED|OPR|PRT,0,1,{'full_mastery_from_team': 'no'},,PASS
SYN-0491,Synthetic 491,OpenFlight,adult,en,team_strong,1300,5,73.33,Gold,8,75.0|85.0|75.0|60.0|60.0|75.0|70.0|60.0,66.25,Specialist,86.67,86.67,1,1,57.0,Multi-Horizon,POSITIVE_STANDING,STANDARD_TEMPLATE_ELIGIBLE_FOR_REVIEW,82.65,NOT_ELIGIBLE,7,ACH-ACT-001|ACH-CAP-001|ACH-EVD-001|ACH-LIVE-001|ACH-LRN-001|ACH-MST-001|ACH-TEAM-001,0,0,6,3,1,5,0,6,BLD|LED|OPR|PRT,1,1,{'baseline': 'ok'},,PASS
SYN-0492,Synthetic 492,OpenFlight,adult,en,integrity,400,3,61.67,Gold,7,0.0|40.0|50.0|85.0|60.0|50.0|75.0|50.0,37.5,Scout,90.0,49.0,0,0,33.75,Expanding,NORMAL,NOT_ELIGIBLE,41.7,NOT_ELIGIBLE,3,ACH-ACT-001|ACH-EVD-001|ACH-LRN-001,0,0,0,3,0,3,0,3,LED|OPR|PRT,0,1,{'baseline': 'ok'},,PASS
SYN-0493,Synthetic 493,FlightPass,adult,en,popular_weak,120,2,12.5,Iron,1,0.0|0.0|0.0|0.0|0.0|0.0|0.0|75.0,22.5,Hatchling,70.0,49.0,0,0,5.0,Focused,NORMAL,NOT_ELIGIBLE,26.45,NOT_ELIGIBLE,3,ACH-ACT-001|ACH-EVD-001|ACH-LRN-001,0,0,0,1,0,1,0,1,LED,0,0,"{'mastery_from_popularity': 'no', 'prestige_from_popularity': 'no'}",,PASS
SYN-0494,Synthetic 494,OpenFlight,adult,en,steady,995,4,65.0,Gold,7,50.0|85.0|60.0|85.0|0.0|20.0|60.0|50.0,66.25,Specialist,78.33,78.33,1,1,45.75,Expanding,POSITIVE_STANDING,STANDARD_TEMPLATE_ELIGIBLE_FOR_REVIEW,70.65,NOT_ELIGIBLE,6,ACH-ACT-001|ACH-CAP-001|ACH-EVD-001|ACH-LRN-001|ACH-MST-001|ACH-TEAM-001,0,0,3,2,1,5,0,5,LED|OPR|PRT,1,1,{'baseline': 'ok'},,PASS
SYN-0495,Synthetic 495,OpenFlight,adult,en,new,130,2,28.33,Iron,4,0.0|40.0|0.0|40.0|0.0|50.0|0.0|40.0,5.0,Hatchling,0.0,0.0,0,0,38.75,Expanding,NORMAL,NOT_ELIGIBLE,13.75,NOT_ELIGIBLE,2,ACH-ACT-001|ACH-LRN-001,0,0,0,0,0,4,0,4,LED|OPR|PRT,0,1,{'baseline': 'ok'},,PASS
SYN-0496,Synthetic 496,FlightPass,adult,en,steady,890,4,64.17,Gold,7,50.0|85.0|50.0|50.0|0.0|60.0|90.0|10.0,66.25,Specialist,81.67,81.67,1,1,34.5,Expanding,POSITIVE_STANDING,PROGRESS_VISIBLE,71.65,NOT_ELIGIBLE,7,ACH-ACT-001|ACH-CAP-001|ACH-EVD-001|ACH-EVD-002|ACH-LRN-001|ACH-MST-001|ACH-TEAM-001,0,0,2,4,1,3,0,4,OPR|PRT,1,1,{'baseline': 'ok'},,PASS
SYN-0497,Synthetic 497,FlightPass,adult,en,high_act_low_ev,480,3,38.33,Bronze,5,40.0|0.0|0.0|40.0|0.0|40.0|50.0|60.0,7.5,Hatchling,0.0,0.0,0,0,65.0,Multi-Horizon,NORMAL,NOT_ELIGIBLE,19.0,NOT_ELIGIBLE,2,ACH-ACT-001|ACH-LRN-001,0,0,0,0,0,12,0,8,BLD|LED|OPR|PRT,0,1,"{'high_xp': 'yes', 'route_proven': 'no', 'title': 'no', 'prestige': 'no', 'mastery_strong': 'no'}",,PASS
SYN-0498,Synthetic 498,FlightPass,adult,en,low_act_high_ev,960,4,55.0,Silver,8,50.0|60.0|50.0|50.0|50.0|70.0|50.0|50.0,63.75,Pathfinder,100.0,100.0,1,1,18.25,Focused,POSITIVE_STANDING,PROGRESS_VISIBLE,73.9,NOT_ELIGIBLE,4,ACH-CAP-001|ACH-EVD-001|ACH-MST-001|ACH-TEAM-001,0,0,2,8,1,0,0,2,OPR,1,1,"{'route_proven': 'possible', 'mastery_strong': 'possible', 'not_punished_for_efficiency': 'yes'}",,PASS
SYN-0499,Synthetic 499,WingPass,adult,ar,experienced,1220,5,79.17,Platinum,7,65.0|85.0|0.0|75.0|85.0|70.0|85.0|75.0,86.25,Vanguard,100.0,100.0,1,2,60.0,Multi-Horizon,POSITIVE_STANDING,STANDARD_TEMPLATE_ELIGIBLE_FOR_REVIEW,82.5,ELIGIBLE_ASCENDANT_NOMINATION,8,ACH-ACT-001|ACH-BRD-001|ACH-CAP-001|ACH-EVD-001|ACH-LRN-001|ACH-MST-001|ACH-SEX-001|ACH-TEAM-001,0,1,2,7,1,6,0,6,BLD|LED|OPR|PRT,1,1,{'baseline': 'ok'},,PASS
